NO,TANGGAL ORDER,TANGGAL BONGKAR,KOTA,TUJUAN BONGKAR, TARIF , TONASE MUAT , TONASE BONGKAR , OMSET , PAJAK 1% , POT LJU 2% , UJ GRB 5% , SANGU (31 TON) , PROFIT , TOLERANSI 0.3% , SELISIH MUAT , KLAIM , KLAIM DRIVER ,PEMBAYARAN, INSENTIF ,DIBAYARKAN,PEMBAYARAN,TABUNGAN,PEMBAYARAN,BANTUAN UANG MAKAN,PEMBAYARAN,MAS MAWAN (CV. SATRIA PERWIRA)/DO,PEMBAYARAN,CATATAN,,
,,,,,,,,,,,,,,,,,,,,,,,,,,,,,,
1,"Sabtu, 27 September 2025","Minggu, 28 September 2025",SEMARANG,JIANHUA PRECAST (SAYUNG),116.554,,"30,56","  3.561.890,24 ","  35.618,90 ",,,"1.900.000,00","1.526.271,34",-,-,-,-,-,"35.000,00","0,00",Sudah dibayar 17 Mar 26,-,,"0,00",-,"100.000,00",Sudah dibayar 28 Okt 25 8rit,"30,86 jadi 30,56 selisih 300kg. (Tanggal 25 150.000 pengurus SILOG)",,
2,"Rabu, 1 Oktober 2025","Jumat, 3 Oktober 2025",UNGARAN,KH BETON (UNGARAN),190.080,,"31,84","  6.052.147,20 ","  60.521,47 ",,,"2.800.000,00","3.091.625,73",-,-,-,-,-,"50.000,00","0,00",Sudah dibayar 17 Mar 26,-,,"0,00",-,"100.000,00",Sudah dibayar 28 Okt 25 11rit,"32,36 jadi 31,84 selisih 520kg",,
3,"Selasa, 7 Oktober 2025","Rabu, 8 Oktober 2025",UNGARAN,KH BETON (UNGARAN),190.080,,"31,88","  6.059.750,40 ","  60.597,50 ",,,"2.800.000,00","3.049.152,90",-,-,-,-,-,"50.000,00","50.000,00",Sudah dibayar 17 Mar 26,-,,"0,00",-,"100.000,00",Sudah dibayar 28 Okt 25 11rit,"32,36 jadi 31,84 selisih 520kg",,
4,"Kamis, 9 Oktober 2025","Sabtu, 11 Oktober 2025",UNGARAN,KH BETON (UNGARAN),190.080,,"33,35","  6.339.168,00 ","  63.391,68 ",,,"2.800.000,00","3.275.776,32",-,-,-,-,-,"50.000,00","100.000,00",Sudah dibayar 17 Mar 26,-,,"0,00",-,"100.000,00",Sudah dibayar 28 Okt 25 11rit,"33,22 jadi 33,35 lebih 13kg",,
5,"Selasa, 14 Oktober 2025","Rabu, 15 Oktober 2025",UNGARAN,KH BETON (UNGARAN),190.080,,"34,28","  6.515.942,40 ","  65.159,42 ",,,"2.800.000,00","3.400.782,98",-,-,-,-,-,"50.000,00","150.000,00",Sudah dibayar 17 Mar 26,-,,"0,00",-,"100.000,00",Sudah dibayar 28 Okt 25 11rit,"34,36 jadi 34,28 selisih 80kg",,
6,"Minggu, 19 Oktober 2025","Selasa, 21 Oktober 2025",SEMARANG,INAX INTERNATIONAL (SEMARANG),116.554,,"30,36","  3.538.579,44 ","  35.385,79 ",,,"1.900.000,00","1.503.193,65",-,-,-,-,-,"35.000,00","0,00",Sudah dibayar 17 Mar 26,-,,"0,00",-,"100.000,00",Sudah dibayar 28 Okt 25 11rit,"31,04 jadi 30,36 selisih 680kg",,
7,"Rabu, 22 Oktober 2025","Sabtu, 25 Oktober 2025",KARANGANYAR BI22,DUTA SARANA PERKASA (KARANGANYAR),"164.989,4",,"31,67","  5.225.214,30 ","  52.252,14 ",,,"2.650.000,00","2.372.962,16",-,-,-,-,-,"50.000,00","0,00",Sudah dibayar 17 Mar 26,-,,"50.000,00",Sudah dibayar 27 Okt 25,"100.000,00",Sudah dibayar 28 Okt 25 11rit,Pembayaran Kasbon mas Rul ke 1 100.000,,
8,"Senin, 27 Oktober 2025","Selasa, 28 Oktober 2025",UNGARAN,KH BETON (UNGARAN),190.080,,"33,38","  6.344.870,40 ","  63.448,70 ",,,"2.800.000,00","3.281.421,70",-,-,-,-,-,"50.000,00","100.000,00",Sudah dibayar 17 Mar 26,-,,"0,00",-,"100.000,00",Sudah dibayar 28 Okt 25 11rit,"28 Okt 25 Mas Mawan 800.000, 33,46 jadi 33,37 selisih 80kg, Pembayaran Kasbon mas Rul ke 2 100.000",,
9,"Rabu, 29 Oktober 2025","Kamis, 30 Oktober 2025",DEMAK BF01,NUSANTARA BUILDING INDUSTRI (DEMAK KARANG TENGAH),"110.246,4",,"29,26","  3.225.809,66 ","  32.258,10 ",,,"1.750.000,00","1.343.551,57",-,-,-,-,-,"50.000,00","0,00",Sudah dibayar 17 Mar 26,-,,"0,00",-,"100.000,00",Sudah dibayar 5 Nov 25 3rit,"29,30 jadi 29,26 selisih 40kg",,
10,"Jumat, 31 Oktober 2025","Sabtu, 1 November 2025",SEMARANG,JIANHUA PRECAST (SAYUNG),116.554,,"30,83","  3.593.359,82 ","  35.933,60 ",,,"1.900.000,00","1.557.426,22",-,-,-,-,-,"35.000,00","0,00",Sudah dibayar 17 Mar 26,-,,"0,00",-,"100.000,00",Sudah dibayar 5 Nov 25 3rit,"31.38 jadi 30.83, selisih 550kg, Pembayaran Kasbon mas Rul ke 3 50.000",,
11,"Senin, 3 November 2025","Rabu, 5 November 2025",SEMARANG,JIANHUA PRECAST (SAYUNG),116.554,,"31,37","  3.656.298,98 ","  36.562,99 ",,,"1.900.000,00","1.619.735,99",-,-,-,-,-,"35.000,00","0,00",Sudah dibayar 17 Mar 26,-,,"0,00",-,"100.000,00",Sudah dibayar 5 Nov 25 3rit,"5 Nov 25 Mas Mawan 300.000 (3rit), Cicilan Mawan 600rb lunas (3rit putih) Lunas. 31.8 jadi 31.37, selisih 430kg, Pembayaran Kasbon mas Rul ke 4 50.000",,
12,"Kamis, 6 November 2025","Jumat, 7 November 2025",UNGARAN,KH BETON (UNGARAN),190.080,,"29,09","  5.529.427,20 ","  55.294,27 ",,,"2.800.000,00","2.624.132,93",-,-,-,-,-,"50.000,00","(50.000,00)",Sudah dibayar 17 Mar 26,-,,"0,00",-,"100.000,00",Sudah dibayar 14 Nov 25 4rit,"Pembayaran Kasbon mas Rul ke 5 100.000, mas Mawan kasbon 600.000, tonase dibawah 30",,
13,"Minggu, 9 November 2025","Senin, 10 November 2025",UNGARAN,KH BETON (UNGARAN),190.080,,"31,24","  5.938.099,20 ","  59.380,99 ",,,"2.800.000,00","2.978.718,21",-,-,-,-,-,"50.000,00","0,00",Sudah dibayar 17 Mar 26,-,,"0,00",-,"100.000,00",Sudah dibayar 14 Nov 25 4rit,"31.26 jadi 31.24 selisih 20kg, Pembayaran Kasbon mas Rul ke 6 100.000",,
14,"Selasa, 11 November 2025","Kamis, 13 November 2025",UNGARAN,KH BETON (UNGARAN),190.080,,"33,65","  6.396.192,00 ","  63.961,92 ",,,"2.800.000,00","3.332.230,08",-,-,-,-,-,"50.000,00","100.000,00",Sudah dibayar 17 Mar 26,-,,"0,00",-,"100.000,00",Sudah dibayar 14 Nov 25 4rit,"33.66 jadi 31.65 selisih 10kg, Pembayaran Kasbon mas Rul ke 7 100.000",,
15,"Sabtu, 15 November 2025","Senin, 17 November 2025",UNGARAN,KH BETON (UNGARAN),190.080,,"31,29","  5.947.603,20 ","  59.476,03 ",,,"2.800.000,00","2.938.127,17",-,-,-,-,-,"50.000,00","0,00",Sudah dibayar 17 Mar 26,-,,"50.000,00",Sudah dibayar 19 Nov 25,"100.000,00",Sudah dibayar 14 Nov 25 4rit,"31,18 jadi 31,29 lebih 110kg. Mas Mawan Lunas (4rit hijau, 2rit putih), Pembayaran Kasbon mas Rul ke 8 100.000",,
16,"Sabtu, 15 November 2025","Sabtu, 15 November 2025",BLORA,PERDANA MULIA BETON (RANDUBLATUNG),101.477,,"31,86","  3.233.057,22 ","  32.330,57 ",,,"1.700.000,00","1.370.726,65",-,-,-,-,-,"30.000,00","30.000,00",Sudah dibayar 17 Mar 26,-,,"0,00",-,"100.000,00",Sudah dibayar 25 Nov 25 3rit,,,
17,"Sabtu, 22 November 2025","Minggu, 23 November 2025",SEMARANG,JIANHUA PRECAST (SAYUNG),116.554,,"32,95","  3.840.454,30 ","  38.404,54 ",,,"1.900.000,00","1.732.049,76",-,-,-,-,-,"35.000,00","70.000,00",Sudah dibayar 17 Mar 26,-,,"0,00",-,"100.000,00",Sudah dibayar 25 Nov 25 3rit," 33.26 jadi 32.95, selisih 310kg",,
18,"Senin, 24 November 2025","Sabtu, 29 November 2025",UNGARAN,APB BP BAWEN / TOL JBW SEC 6 (BAWEN),190.080,,"31,43","  5.974.214,40 ","  59.742,14 ",,,"2.800.000,00","2.864.472,26",-,-,-,-,-,"50.000,00","0,00",Sudah dibayar 17 Mar 26,-,,"150.000,00",Sudah dibayar 2 Des 25,"100.000,00",Sudah dibayar 25 Nov 25 3rit,"31.72 jadi 31.43, selisih 290kg, Pembayaran Kasbon mas Rul ke 9 100.000, 25 Nov 25 Mas Mawan 3 rit (3 rit putih, 3 rit hijau)",,
19,"Selasa, 2 Desember 2025","Rabu, 3 Desember 2025",UNGARAN,APB BP BAWEN / TOL JBW SEC 6 (BAWEN),190.080,,"30,11","  5.723.308,80 ","  57.233,09 ",,,"2.800.000,00","2.766.075,71",-,-,-,-,-,"50.000,00","0,00",Sudah dibayar 17 Mar 26,-,,"0,00",-,"100.000,00",Sudah dibayar 13 Des 25 5rit," 30.50 jadi 30.11, selisih 390kg, Pembayaran Kasbon mas Rul ke 10 100.000",,
20,"Jumat, 5 Desember 2025","Sabtu, 6 Desember 2025",SEMARANG,ARIES PUTRA BETON (SEMARANG),116.554,,"35,06","  4.086.383,24 ","  40.863,83 ",,,"1.900.000,00","1.905.519,41",-,-,-,-,-,"35.000,00","140.000,00",Sudah dibayar 17 Mar 26,-,,"0,00",-,"100.000,00",Sudah dibayar 13 Des 25 5rit,,,
21,"Minggu, 7 Desember 2025","Senin, 8 Desember 2025",DEMAK BF01,NUSANTARA BUILDING INDUSTRI (DEMAK KARANG TENGAH),"110.246,4",,"35,86","  3.953.435,90 ","  39.534,36 ",,,"1.800.000,00","1.763.901,54",-,-,-,-,-,"50.000,00","250.000,00",Sudah dibayar 17 Mar 26,-,,"0,00",-,"100.000,00",Sudah dibayar 13 Des 25 5rit,35.98 jadi 35.86 selisih 120kg,,
22,"Selasa, 9 Desember 2025","Kamis, 11 Desember 2025",SEMARANG,JIANHUA PRECAST (SAYUNG),116.554,,"33,33","  3.884.744,82 ","  38.847,45 ",,,"1.900.000,00","1.725.897,37",-,-,-,-,-,"35.000,00","70.000,00",Sudah dibayar 17 Mar 26,-,,"50.000,00",Sudah dibayar 12 Des 25,"100.000,00",Sudah dibayar 13 Des 25 5rit,"33,72 jadi 33.30 selisih 420kg",,
23,"Sabtu, 13 Desember 2025","Minggu, 14 Desember 2025",DEMAK BF01,NUSANTARA BUILDING INDUSTRI (DEMAK KARANG TENGAH),"110.246,4",,"32,56","  3.589.622,78 ","  35.896,23 ",,,"1.800.000,00","1.703.726,56",-,-,-,-,-,"50.000,00","(50.000,00)",Sudah dibayar 17 Mar 26,-,,"0,00",-,"100.000,00",Sudah dibayar 13 Des 25 5rit,"32.62 jadi 32.56 selisih 60kg, 13 Des 25 Mas Mawan 10 rit (5 rit putih, 5 rit hijau), salah UJ 50rb",,
24,"Minggu, 14 Desember 2025","Selasa, 16 Desember 2025",DEMAK BF01,NUSANTARA BUILDING INDUSTRI (DEMAK KARANG TENGAH),"110.246,4",,"33,20","  3.660.180,48 ","  36.601,80 ",,,"1.800.000,00","1.573.578,68",-,-,-,-,-,"50.000,00","100.000,00",Sudah dibayar 17 Mar 26,-,,"50.000,00",Sudah dibayar 20 Des 25,"100.000,00",Sudah dibayar 20 Des 25 5rit,33.5 jadi 33.2 selisih 300kg,,
25,"Sabtu, 20 Desember 2025","Minggu, 21 Desember 2025",SEMARANG,JIANHUA PRECAST (SAYUNG),116.554,,"32,16","  3.748.376,64 ","  37.483,77 ",,,"1.900.000,00","1.675.892,87",-,-,-,-,-,"35.000,00","35.000,00",Sudah dibayar 17 Mar 26,-,,"0,00",-,"100.000,00",Sudah dibayar 20 Des 25 5rit,"32.2 jadi 32.16 selisih 40kg, 20 Des 25 Mas Mawan 4 rit (2rit putih, 2 rit hijau)",,
26,"Senin, 22 Desember 2025","Selasa, 23 Desember 2025",DEMAK BF01,NUSANTARA BUILDING INDUSTRI (DEMAK KARANG TENGAH),"110.246,4",,"30,70","  3.384.564,48 ","  33.845,64 ",,,"1.750.000,00","1.500.718,84",-,-,-,-,-,"50.000,00","0,00",Sudah dibayar 17 Mar 26,"50.000,00",Sudah dibayar 17 Mar 26,"0,00",-,"100.000,00",Sudah dibayar 30 Des 25 4rit,,,
27,"Jumat, 26 Desember 2025","Sabtu, 27 Desember 2025",SEMARANG,JIANHUA PRECAST (SAYUNG),116.554,,"32,01","  3.730.893,54 ","  37.308,94 ",,,"1.900.000,00","1.658.584,60",-,-,-,-,-,"35.000,00","35.000,00",Sudah dibayar 17 Mar 26,"50.000,00",Sudah dibayar 17 Mar 26,"0,00",-,"100.000,00",Sudah dibayar 30 Des 25 4rit,"32.2 jadi 32.09 selisih 190kg, 30 Des 25 Mas Mawan 4 rit (2rit putih, 2 rit hijau)",,
28,"Minggu, 28 Desember 2025","Selasa, 30 Desember 2025",DEMAK BF01,NUSANTARA BUILDING INDUSTRI (DEMAK KARANG TENGAH),"110.246,4",,"33,40","  3.682.229,76 ","  36.822,30 ",,,"1.800.000,00","1.595.407,46",-,-,-,-,-,"50.000,00","100.000,00",Sudah dibayar 17 Mar 26,"50.000,00",Sudah dibayar 17 Mar 26,"50.000,00",Sudah dibayar 2 Jan 26,"100.000,00",Sudah dibayar 11 Jan 26 3rit,33.48 jadi 33.4 selisih 80kg,,
29,"Jumat, 2 Januari 2026","Sabtu, 3 Januari 2026",SEMARANG,JIANHUA PRECAST (SAYUNG),116.554,"31,40","31,32","  3.650.471,28 ","  36.504,71 ",,,"1.900.000,00","1.613.966,57","0,09","0,08","0,00","0,00",-,"35.000,00","0,00",Sudah dibayar 17 Mar 26,"50.000,00",Sudah dibayar 17 Mar 26,"0,00",-,"100.000,00",Sudah dibayar 11 Jan 26 3rit,31.4 jadi 31.32 selisih 80kg,,
30,"Selasa, 6 Januari 2026","Kamis, 8 Januari 2026",SEMARANG,JIANHUA PRECAST (SAYUNG),116.554,"32,62","32,53","  3.791.501,62 ","  37.915,02 ",,,"1.900.000,00","1.718.586,60","0,10","0,09","0,00","0,00",-,"35.000,00","35.000,00",Sudah dibayar 17 Mar 26,"50.000,00",Sudah dibayar 17 Mar 26,"0,00",-,"100.000,00",Sudah dibayar 11 Jan 26 3rit,"32.62 jadi 32.53 selisih 90kg, 11 Jan 25 Mas Mawan 7 rit (4rit putih, 3 rit hijau)",,
31,"Sabtu, 10 Januari 2026","Selasa, 13 Januari 2026",UNGARAN,APB BP BAWEN / TOL JBW SEC 6 (BAWEN),190.080,"30,02","29,93","  5.689.094,40 ","  56.890,94 ",,,"2.800.000,00","2.632.203,46","0,09","0,09","0,00","0,00",-,"50.000,00","0,00",Sudah dibayar 17 Mar 26,"50.000,00",Sudah dibayar 17 Mar 26,"100.000,00",Sudah dibayar 14 Jan 26,"100.000,00",Sudah dibayar 5 Feb 26 7 rit," 30.02 jadi 29.93, selisih 90kg",,
32.,"Rabu, 14 Januari 2026","Kamis, 15 Januari 2026",UNGARAN,KH BETON (UNGARAN),190.080,"28,04","28,17","  5.354.553,60 ","  53.545,54 ",,,"2.800.000,00","2.451.008,06","0,08","-0,13","0,00","0,00",-,"50.000,00","(50.000,00)",Sudah dibayar 17 Mar 26,"50.000,00",Sudah dibayar 17 Mar 26,"0,00",-,"100.000,00",Sudah dibayar 5 Feb 26 7 rit,28.04 jadi 28.17 lebih 130kg (tidak dibayar sekarang lebih sejak 1 Jan 26). Potong tonase 1 ton,,
33,"Sabtu, 17 Januari 2026","Minggu, 18 Januari 2026",DEMAK BF01,NUSANTARA BUILDING INDUSTRI (DEMAK KARANG TENGAH),"110.246,4","32,88","32,80","  3.616.081,92 ","  36.160,82 ",,,"1.800.000,00","1.629.921,10","0,10","0,08","0,00","0,00",-,"50.000,00","50.000,00",Sudah dibayar 17 Mar 26,Lupa Potong,Sudah dibayar 17 Mar 26,"0,00",-,"100.000,00",Sudah dibayar 5 Feb 26 7 rit,32.88 jadi 32.8 selisih 80kg,,
34,"Rabu, 21 Januari 2026","Jumat, 23 Januari 2026",SEMARANG,ARIES PUTRA BETON (SEMARANG),116.554,"32,36","32,36","  3.771.687,44 ","  37.716,87 ",,,"1.900.000,00","1.698.970,57","0,10","0,00","0,00","0,00",-,"35.000,00","35.000,00",Sudah dibayar 17 Mar 26,"50.000,00",Sudah dibayar 17 Mar 26,"0,00",-,"100.000,00",Sudah dibayar 5 Feb 26 7 rit,,,
35,"Rabu, 28 Januari 2026","Kamis, 29 Januari 2026",SEMARANG BF12,JIANHUA PRECAST (SAYUNG),"120.890,9","31,42","31,30","  3.783.885,17 ","  37.838,85 ",,,"1.900.000,00","1.733.176,32","0,09","0,12","25.740,00","12.870,00",Belum Dipotong,"35.000,00","0,00",Sudah dibayar 17 Mar 26,"50.000,00",Sudah dibayar 17 Mar 26,"0,00",-,"100.000,00",Sudah dibayar 5 Feb 26 7 rit,31.42 jadi 31.3 selisih 120kg,,
36,"Jumat, 30 Januari 2026","Minggu, 1 Februari 2026",SEMARANG BF12,JIANHUA PRECAST (SAYUNG),"120.890,9","32,64","32,64","  3.945.878,98 ","  39.458,79 ",,,"1.900.000,00","1.821.420,19","0,10","0,00","0,00","0,00",-,"35.000,00","35.000,00",Sudah dibayar 17 Mar 26,"50.000,00",Sudah dibayar 17 Mar 26,"50.000,00",Sudah dibayar 4 Feb 26,"100.000,00",Sudah dibayar 5 Feb 26 7 rit,,,
37,"Rabu, 4 Februari 2026","Kamis, 5 Februari 2026",UNGARAN,KH BETON (UNGARAN),190.080,"27,42","27,32","  5.192.985,60 ","  51.929,86 ",,,"2.700.000,00","2.332.185,74","0,08","0,10","17.740,00","8.870,00",Belum Dipotong,"50.000,00","0,00",Sudah dibayar 17 Mar 26,"50.000,00",Sudah dibayar 17 Mar 26,"0,00",-,"100.000,00",Sudah dibayar 5 Feb 26 7 rit,"27.42 jadi 27.32, selisih 100kg. Batas Muatan 29 Ton Bawen, 5 Feb 26 Mas Wawan 11 rit (4 rit putih, 7 rit hijau)",,
38,"Sabtu, 7 Februari 2026","Minggu, 8 Februari 2026",SEMARANG,ARIES PUTRA BETON (SEMARANG),116.554,"34,52","34,52","  4.023.444,08 ","  40.234,44 ",,,"1.900.000,00","1.878.209,64","0,10","0,00","0,00","0,00",-,"35.000,00","105.000,00",Sudah dibayar 17 Mar 26,Tidak Potong,Sudah dibayar 17 Mar 26,"0,00",-,"100.000,00",Sudah dibayar 26 Feb 26 8 rit,,,
39,"Senin, 9 Februari 2026","Selasa, 10 Februari 2026",SEMARANG,ARIES PUTRA BETON (SEMARANG),116.554,"34,04","34,04","  3.967.498,16 ","  39.674,98 ",,,"1.900.000,00","1.822.823,18","0,10","0,00","0,00","0,00",-,"35.000,00","105.000,00",Sudah dibayar 17 Mar 26,Tidak Potong,Sudah dibayar 17 Mar 26,"0,00",-,"100.000,00",Sudah dibayar 26 Feb 26 8 rit,,,
40,"Kamis, 12 Februari 2026","Jumat, 13 Februari 2026",SEMARANG,JIANHUA PRECAST (SAYUNG),116.554,"34,88","34,71","  4.045.589,34 ","  40.455,89 ",,,"1.831.000,00","1.936.453,45","0,10","0,17","65.360,00","32.680,00",Belum Dipotong,"35.000,00","105.000,00",Sudah dibayar 17 Mar 26,"50.000,00",Sudah dibayar 17 Mar 26,"0,00",-,"100.000,00",Sudah dibayar 26 Feb 26 8 rit,"34.88 jadi 34,71 selisih 170kg",,
41,"Minggu, 15 Februari 2026","Selasa, 17 Februari 2026",UNGARAN,APB BP BAWEN / TOL JBW SEC 6 (BAWEN),190.080,"30,28","30,07","  5.715.705,60 ","  57.157,06 ",,,"2.800.000,00","2.698.968,54","0,09","0,21","119.160,00","59.580,00",Belum Dipotong,"50.000,00","0,00",Sudah dibayar 17 Mar 26,"50.000,00",Sudah dibayar 17 Mar 26,"0,00",-,"100.000,00",Sudah dibayar 26 Feb 26 8 rit,"30,28 jadi 30,07 selisih 210kg",,
42,"Rabu, 18 Februari 2026","Jumat, 20 Februari 2026",UNGARAN,APB BP BAWEN / TOL JBW SEC 6 (BAWEN),190.080,"30,74","30,59","  5.814.547,20 ","  58.145,47 ",,,"2.800.000,00","2.777.511,73","0,09","0,15","57.780,00","28.890,00",Belum Dipotong,"50.000,00","0,00",Sudah dibayar 17 Mar 26,"50.000,00",Sudah dibayar 17 Mar 26,"50.000,00",Sudah dibayar 21 Feb 26,"100.000,00",Sudah dibayar 26 Feb 26 8 rit,"30,74 jadi 30,59 selisih 150kg",,
43,"Sabtu, 21 Februari 2026","Senin, 23 Februari 2026",SEMARANG,VUB BP SEMARANG (SEMARANG),116.554,"31,84","31,84","  3.711.079,36 ","  37.110,79 ",,,"1.900.000,00","1.673.968,57","0,10","0,00","0,00","0,00",-,"35.000,00","0,00",Sudah dibayar 17 Mar 26,"50.000,00",Sudah dibayar 17 Mar 26,"0,00",-,"100.000,00",Sudah dibayar 26 Feb 26 8 rit,,,
44,"Rabu, 25 Februari 2026","Jumat, 27 Februari 2026",SEMARANG,JIANHUA PRECAST (SAYUNG),116.554,"31,18","30,86","  3.596.856,44 ","  35.968,56 ",,,"1.900.000,00","1.447.657,88","0,09","0,32","226.460,00","113.230,00",Belum Dipotong,"35.000,00","0,00",Sudah dibayar 17 Mar 26,"50.000,00",Sudah dibayar 17 Mar 26,"0,00",-,"100.000,00",Sudah dibayar 26 Feb 26 8 rit,"31,18 jadi 30,86 selisih 320kg. 26 Feb 26 Mas Wawan 15 rit (8 rit putih, 7 rit hijau)",,
45,"Sabtu, 28 Februari 2026","Senin, 2 Maret 2026",DEMAK BF01,NUSANTARA BUILDING INDUSTRI (DEMAK KARANG TENGAH),"110.246,4","35,24","35,10","  3.869.648,64 ","  38.696,49 ",,,"1.800.000,00","1.663.812,15","0,11","0,14","34.280,00","17.140,00",Belum Dipotong,"50.000,00","200.000,00",Sudah dibayar 17 Mar 26,Tidak Potong,Sudah dibayar 17 Mar 26,"50.000,00",Sudah dibayar 5 Mar 26,"100.000,00","Sudah Dibayar 1, 94rb pake dump ","35,24 jadi 35,1 selisih 140kg, 1 Byr pake dump",,
46,"Kamis, 5 Maret 2026","Sabtu, 7 Maret 2026",SEMARANG,JIANHUA PRECAST (SAYUNG),116.554,"31,00","30,96","  3.608.511,84 ","  36.085,12 ",,,"1.900.000,00","1.522.426,72","0,09","0,04","0,00","0,00",-,"35.000,00","0,00",Sudah dibayar 17 Mar 26,Tidak Potong,Sudah dibayar 17 Mar 26,"50.000,00",Sudah dibayar 8 Mar 26,"100.000,00",Sudah dibayar 3 April 26 5 rit,"31 jadi 30,96 selisih 40kg",,
47,"Minggu, 8 Maret 2026","Senin, 9 Maret 2026",SEMARANG,JIANHUA PRECAST (SAYUNG),116.554,"35,32","35,32","  4.116.687,28 ","  41.166,87 ",,,"1.900.000,00","1.935.520,41","0,11","0,00","0,00","0,00",-,"35.000,00","140.000,00",Sudah dibayar 17 Mar 26,Tidak Potong,Sudah dibayar 17 Mar 26,"0,00",-,"100.000,00",Sudah dibayar 3 April 26 5 rit,35.32 jadi 35.35 lebih 30kg (tidak dibayar sekarang lebih sejak 1 Jan 26),,
48,"Selasa, 10 Maret 2026","Rabu, 11 Maret 2026",UNGARAN,KH BETON (UNGARAN),190.080,"31,06","31,06","  5.903.884,80 ","  59.038,85 ",,,"2.800.000,00","2.944.845,95","0,09","0,00","0,00","0,00",-,"50.000,00","0,00",Sudah dibayar 17 Mar 26,Tidak Potong,Sudah dibayar 17 Mar 26,"0,00",-,"100.000,00",Sudah dibayar 3 April 26 5 rit,31.06 jadi 31.14 lebih 18 kg (tidak dibayar sekarang lebih sejak 1 Jan 26),,
49,"Kamis, 12 Maret 2026","Jumat, 13 Maret 2026",SEMARANG,JIANHUA PRECAST (SAYUNG),116.554,"29,98","29,98","  3.494.288,92 ","  34.942,89 ",,,"1.900.000,00","1.459.346,03","0,09","0,00","0,00","0,00",-,"35.000,00","0,00",Sudah dibayar 17 Mar 26,Tidak Potong,Sudah dibayar 17 Mar 26,"0,00",-,"100.000,00",Sudah dibayar 3 April 26 5 rit,"29.98 jadi 30.02 lebih 40kg (tidak dibayar sekarang lebih sejak 1 Jan 26), UJ Toleransi 30 up",,
50,"Selasa, 31 Maret 2026","Rabu, 1 April 2026",DEMAK BF01,NUSANTARA BUILDING INDUSTRI (DEMAK KARANG TENGAH),"110.246,4","32,66","32,64","  3.598.442,50 ","  35.984,42 ",,,"1.800.000,00","1.662.458,07","0,10","0,02","0,00","0,00",-,"50.000,00","0,00",Disimpan,Tidak Potong,Disimpan,"0,00",-,"100.000,00",Sudah dibayar 3 April 26 5 rit,"32,66 jadi 32,64 selisih 20kg, Mas Mawan 10 rit (5 rit putih, 5 rit hijau), UJ Potong 50 dibawah 33 ton",,
51,"Minggu, 5 April 2026","Selasa, 7 April 2026",UNGARAN,APB BP BAWEN / TOL JBW SEC 6 (BAWEN),190.080,"31,80","31,48","  5.983.718,40 ","  59.837,18 ",,,"2.800.000,00","2.861.581,22","0,10","0,32","224.600,00","112.300,00",Belum Dipotong,"50.000,00","50.000,00",Disimpan,Tidak Potong,Disimpan,"0,00",-,"100.000,00",Sudah dibayar 8 Mei 26 10 rit,"31,80 jadi 31,48 selisih 320kg",,
52,"Kamis, 16 April 2026","Sabtu, 18 April 2026",DEMAK BF01,NUSANTARA BUILDING INDUSTRI (DEMAK KARANG TENGAH),"110.246,4","35,16","35,06","  3.865.238,78 ","  38.652,39 ",,,"1.800.000,00","1.726.586,40","0,11","0,10","0,00","0,00",-,"50.000,00","200.000,00",Disimpan,Tidak Potong,Disimpan,"0,00",-,"100.000,00",Sudah dibayar 8 Mei 26 10 rit,"35,16 jadi 35,06 selisih 100kg",,
53,"Minggu, 19 April 2026","Senin, 20 April 2026",DEMAK BF01,NUSANTARA BUILDING INDUSTRI (DEMAK KARANG TENGAH),"110.246,4","36,52","36,52","  4.026.198,53 ","  40.261,99 ",,,"1.800.000,00","1.835.936,54","0,11","0,00","0,00","0,00",-,"50.000,00","250.000,00",Disimpan,Tidak Potong,Disimpan,"0,00",-,"100.000,00",Sudah dibayar 8 Mei 26 10 rit,,,
54,"Rabu, 22 April 2026","Kamis, 23 April 2026",DEMAK BF01,NUSANTARA BUILDING INDUSTRI (DEMAK KARANG TENGAH),"110.246,4","32,54","32,46","  3.578.598,14 ","  35.785,98 ",,,"1.800.000,00","1.642.812,16","0,10","0,08","0,00","0,00",-,"50.000,00","0,00",Disimpan,Tidak Potong,Disimpan,"0,00",-,"100.000,00",Sudah dibayar 8 Mei 26 10 rit,"32,54 jadi 32,46 selisih 80kg, NBI Potong 50 dibawah 33 ton",,
55,"Jumat, 24 April 2026","Sabtu, 25 April 2026",SEMARANG,JIANHUA PRECAST (SAYUNG),116.554,"29,18","29,18","  3.401.045,72 ","  34.010,46 ",,,"1.900.000,00","1.467.035,26","0,09","0,00","0,00","0,00",-,"50.000,00","(100.000,00)",Disimpan,Tidak Potong,Disimpan,"0,00",-,"100.000,00",Sudah dibayar 8 Mei 26 10 rit,UJ Potong 2 Ton (100.000),,
56,"Selasa, 28 April 2026","Rabu, 29 April 2026",DEMAK BF01,NUSANTARA BUILDING INDUSTRI (DEMAK KARANG TENGAH),"110.246,4","33,08","33,02","  3.640.336,13 ","  36.403,36 ",,,"1.800.000,00","1.603.932,77","0,10","0,06","0,00","0,00",-,"50.000,00","100.000,00",Disimpan,Tidak Potong,Disimpan,"0,00",-,"100.000,00",Sudah dibayar 8 Mei 26 10 rit,,,
57,"Jumat, 1 Mei 2026","Sabtu, 2 Mei 2026",UNGARAN,JATI KENCANA BETON (UNGARAN),190.080,"28,02","28,05","  5.331.744,00 ","  53.317,44 ",,,"2.750.000,00","2.428.426,56","0,08","-0,03","0,00","0,00",-,"50.000,00","0,00",Disimpan,Tidak Potong,Disimpan,"0,00",-,"100.000,00",Sudah dibayar 8 Mei 26 10 rit,"28,02 jadi 28,05 lebih 30 kg (tidak dibayar sekarang lebih sejak 1 Jan 26)",,
58,"Minggu, 3 Mei 2026","Selasa, 5 Mei 2026",UNGARAN,JATI KENCANA BETON (UNGARAN),190.080,"29,62","29,35","  5.578.848,00 ","  55.788,48 ",,,"2.800.000,00","2.532.489,52","0,09","0,27","181.140,00","90.570,00",Belum Dipotong,"50.000,00","0,00",Disimpan,Tidak Potong,Disimpan,"0,00",-,"100.000,00",Sudah dibayar 8 Mei 26 10 rit,"29,62 jadi 29,35 selisih 270kg",,
59,"Rabu, 6 Mei 2026","Kamis, 7 Mei 2026",JEPARA BG07,ARYA BETON MITRA PERKASA (JEPARA),"114.808,30","29,64","29,64","  3.402.918,01 ","  34.029,18 ",,,"1.750.000,00","1.518.888,83","0,089","0,00","0,00","0,00",-,"50.000,00","0,00",Disimpan,Tidak Potong,Disimpan,"0,00",-,"100.000,00",Sudah dibayar 8 Mei 26 10 rit,,,"5 Feb 25 Mas Wawan 11 rit (4 rit putih, 7 rit hijau)"
60,"Jumat, 8 Mei 2026","Minggu, 10 Mei 2026",JEPARA BG07,ARYA BETON MITRA PERKASA (JEPARA),"114.808,30","31,50","31,50","  3.616.461,45 ","  36.164,61 ",,,"1.800.000,00","1.680.296,84","0,095","0,00","0,00","0,00",-,"50.000,00","0,00",Disimpan,Tidak Potong,Disimpan,"0,00",-,"100.000,00",Sudah dibayar 8 Mei 26 10 rit,Do Putih Hijau diambil 10+10rit (ambil cash 1 juta+ bayar ban 1 juta),,"5 Feb 25 Mas Wawan 11 rit (4 rit putih, 7 rit hijau)"
61,"Senin, 11 Mei 2026","Selasa, 12 Mei 2026",UNGARAN,JATI KENCANA BETON (UNGARAN),190.080,"29,40","29,33","  5.575.046,40 ","  55.750,46 ",,,"2.800.000,00","2.619.295,94","0,09","0,07","0,00","0,00",-,"50.000,00","0,00",Disimpan,Tidak Potong,Disimpan,"0,00",-,"100.000,00",Sudah dibayar 28 Mei 26 8 rit,"29,62 jadi 29,35 selisih 270kg",,
62,"Minggu, 24 Mei 2026","Selasa, 26 Mei 2026",DEMAK BF01,NUSANTARA BUILDING INDUSTRI (DEMAK KARANG TENGAH),"110.246,4","35,18","35,12","  3.871.853,57 ","  38.718,54 ",,,"1.800.000,00","1.733.135,03","0,11","0,06","0,00","0,00",-,"50.000,00","200.000,00",Disimpan,Tidak Potong,Disimpan,"0,00",-,"100.000,00",Sudah dibayar 28 Mei 26 8 rit,35.18 jadi 35.12 selisih 60kg,,
63,"Kamis, 28 Mei 2026","Minggu, 31 Mei 2026",UNGARAN,JATI KENCANA BETON (UNGARAN),190.080,"30,36","30,36","  5.770.828,80 ","  57.708,29 ",,,"2.800.000,00","2.763.120,51","0,09","0,00","0,00","0,00",-,"50.000,00","0,00",Disimpan,Tidak Potong,Disimpan,"50.000,00",Sudah dibayar 3 Juni 26,"100.000,00",Sudah dibayar 28 Mei 26 8 rit,30.36 jadi 30.46 lebih 100 kg (tidak dibayar sekarang lebih sejak 1 Jan 26). Do Putih 5 + Hijau 3 rit (800rb),,
64,"Rabu, 3 Juni 2026","Kamis, 4 Juni 2026",JEPARA BG07,ARYA BETON MITRA PERKASA (JEPARA),"114.808,30","35,46","35,46","  4.071.102,32 ","  40.711,02 ",,,"1.800.000,00","1.930.391,29","0,106","0,00","0,00","0,00",-,"50.000,00","200.000,00",Disimpan,Tidak Potong,Disimpan,"0,00",-,"100.000,00",Disimpan,,,"5 Feb 25 Mas Wawan 11 rit (4 rit putih, 7 rit hijau)"
65,"Jumat, 5 Juni 2026","Sabtu, 6 Juni 2026",SEMARANG,ARIES PUTRA BETON (SEMARANG),116.554,"34,04","34,04","  3.967.498,16 ","  39.674,98 ",,,"2.000.000,00","1.757.823,18","0,10","0,00","0,00","0,00",-,"35.000,00","70.000,00",Disimpan,Tidak Potong,Disimpan,"0,00",-,"100.000,00",Disimpan,Tonase Semarang dr 32 ton,,
66,"Rabu, 10 Juni 2026","Sabtu, 13 Juni 2026",UNGARAN,APB BP BAWEN / TOL JBW SEC 6 (BAWEN),190.080,"29,72","29,34","  5.576.947,20 ","  55.769,47 ",,,"2.800.000,00","2.375.757,73","0,09","0,38","290.840,00","145.420,00",Belum Dipotong,"50.000,00","0,00",Disimpan,Tidak Potong,Disimpan,"100.000,00",Sudah dibayar 14 Juni 26,"100.000,00",Disimpan,"29,72 jadi 29,34 selisih 380kg",,
67,"Minggu, 14 Juni 2026","Senin, 15 Juni 2026",DEMAK BF01,NUSANTARA BUILDING INDUSTRI (DEMAK KARANG TENGAH),"110.246,4","30,50","30,38","  3.349.285,63 ","  33.492,86 ",,,"1.750.000,00","1.451.542,78","0,09","0,12","28.500,00","14.250,00",Belum Dipotong,"50.000,00","0,00",Disimpan,Tidak Potong,Disimpan,"0,00",-,"100.000,00",Disimpan,30.50 jadi 30.38 selisih 120kg,,
68,"Selasa, 16 Juni 2026","Senin, 22 Juni 2026",UNGARAN,JATI KENCANA BETON (UNGARAN),190.080,"29,90","29,69","  5.643.475,20 ","  56.434,75 ",,,"2.800.000,00","2.376.890,45","0,09","0,21","120.300,00","60.150,00",Belum Dipotong,"50.000,00","0,00",Disimpan,Tidak Potong,Disimpan,"250.000,00",Sudah dibayar 25 Juni 26,"100.000,00",Disimpan,29.9 jadi 29.69 selisih 210kg,,
69,"Rabu, 24 Juni 2026","Kamis, 25 Juni 2026",JEPARA BG07,ARYA BETON MITRA PERKASA (JEPARA),"114.808,30","31,96","31,96","  3.669.273,27 ","  36.692,73 ",,,"1.800.000,00","1.682.580,54","0,096","0,00","0,00","0,00",-,"50.000,00","50.000,00",Disimpan,Tidak Potong,Disimpan,"0,00",-,"100.000,00",Disimpan,,,"5 Feb 25 Mas Wawan 11 rit (4 rit putih, 7 rit hijau)"
70,"Sabtu, 27 Juni 2026","Selasa, 30 Juni 2026",SEMARANG,ARIES PUTRA BETON (SEMARANG),116.554,"32,26","32,26","  3.760.032,04 ","  37.600,32 ",,,"2.000.000,00","1.572.431,72","0,10","0,00","0,00","0,00",-,"35.000,00","0,00",Disimpan,"100.000,00",Disimpan,"50.000,00",Sudah dibayar 1 Juli 26,"100.000,00",Disimpan,Tonase Semarang dr 32 ton,,
71,"Rabu, 1 Juli 2026","Kamis, 2 Juli 2026",SIDOARJO,SUPERIOR PRIMA SUKSES (KRIAN),163.410,"32,52","32,52","  5.314.093,20 ",,,"  135.000,00 ","2.700.000,00","2.329.093,20","0,10","0,00","0,00","0,00",-,"50.000,00","50.000,00",Disimpan,Tidak Potong,Disimpan,"0,00",-,"100.000,00",Disimpan,,,
72,"Sabtu, 4 Juli 2026","Selasa, 7 Juli 2026",SEMARANG,ARIES PUTRA BETON (SEMARANG),116.554,"32,52","32,52","  3.790.336,08 ","  37.903,36 ",,,"2.000.000,00","1.602.432,72","0,10","0,00","0,00","0,00",-,"35.000,00","0,00",Disimpan,"100.000,00",Disimpan,"50.000,00",Sudah dibayar 7 Juli 26,"100.000,00",Disimpan,Tonase Semarang dr 32 ton,,
73,"Selasa, 7 Juli 2026","Jumat, 10 Juli 2026",MOJOKERTO,CITICON (MOJOSARI),165.360,"29,40","29,54","  4.884.734,40 ",,,"  199.500,00 ","2.850.000,00","1.685.234,40","0,09","-0,14","0,00","0,00",-,"50.000,00","0,00",Disimpan,Tidak Potong,Disimpan,"50.000,00",Sudah dibayar 13 Juli 26,"100.000,00",Disimpan,"lebih 150 kg, terbayar. Pot 100.000 (2ton)",,
74,"Senin, 13 Juli 2026","Selasa, 14 Juli 2026",SALATIGA,TRIPILAR BETON MAS (SALATIGA),166.925,"28,78","28,52","  4.760.701,00 ","  47.607,01 ",,,"2.800.000,00","1.726.263,99","0,09","0,26","173.660,00","86.830,00",Belum Dipotong,"50.000,00","0,00",Disimpan,"100.000,00",Disimpan,"0,00",-,"100.000,00",Disimpan,28.78 jadi 28.52 selisih 260kg. Pot 100.000 (2ton),,
75,"Kamis, 16 Juli 2026","Minggu, 19 Juli 2026",UNGARAN,JATI KENCANA BETON (UNGARAN),190.080,"30,52","30,26","  5.751.820,80 ","  57.518,21 ",,,"2.800.000,00","2.660.082,59","0,09","0,26","168.440,00","84.220,00",Belum Dipotong,"50.000,00","0,00",Disimpan,"100.000,00",Disimpan,"50.000,00",Sudah dibayar 20 Juli 26,"100.000,00",Disimpan,29.9 jadi 29.69 selisih 210kg,,
76,"Senin, 20 Juli 2026","Kamis, 23 Juli 2026",SEMARANG,ARIES PUTRA BETON (SEMARANG),116.554,"32,58","32,58","  3.797.329,32 ","  37.973,29 ",,,"2.000.000,00","1.609.356,03","0,10","0,00","0,00","0,00",-,"35.000,00","0,00",Disimpan,"100.000,00",Disimpan,"50.000,00",Sudah dibayar 24 Juli 26,"100.000,00",Disimpan,Tonase Semarang dr 32 ton,,
77,"Jumat, 24 Juli 2026","Minggu, 26 Juli 2026",SEMARANG,JIANHUA PRECAST (SAYUNG),116.554,"29,76","29,53","  3.441.839,62 ","  34.418,40 ",,,"1.850.000,00","1.387.061,22","0,09","0,23","140.720,00","70.360,00",Belum Dipotong,"50.000,00","0,00",Disimpan,"100.000,00",Disimpan,"0,00",-,"100.000,00",Disimpan,29.76 jadi 29.53 selisih 230kg,,
78,"Selasa, 28 Juli 2026","Kamis, 30 Juli 2026",SEMARANG,ARIES PUTRA BETON (SEMARANG),116.554,"34,50","34,50","  4.021.113,00 ","  40.211,13 ",,,"2.000.000,00","1.810.901,87","0,10","0,00","0,00","0,00",-,"35.000,00","70.000,00",Disimpan,"100.000,00",Disimpan,"0,00",-,"100.000,00",Disimpan,Tonase Semarang dr 32 ton,,
79,"Jumat, 31 Juli 2026","Senin, 3 Agustus 2026",SEMARANG,JIANHUA PRECAST (SAYUNG),116.554,"31,04","30,94","  3.606.180,76 ","  36.061,81 ",,,"1.900.000,00","1.516.678,95","0,09","0,10","6.880,00","3.440,00",Belum Dipotong,"50.000,00","0,00",Disimpan,"100.000,00",Disimpan,"50.000,00",Sudah dibayar 4 Agst 26,"100.000,00",Disimpan,"31,04 jadi 29.04 selisih 100kg",,
80,"Selasa, 4 Agustus 2026","Kamis, 6 Agustus 2026",UNGARAN,JATI KENCANA BETON (UNGARAN),190.080,"29,74","29,74","  5.652.979,20 ","  56.529,79 ",,,"2.750.000,00","2.746.449,41","0,09","0,00","0,00","0,00",-,"50.000,00","0,00",Disimpan,Tidak Potong,Disimpan,"0,00",-,"100.000,00",Disimpan,"29,74 jadi 29,75 lebih 10 kg (tidak dibayar sekarang lebih sejak 1 Jan 26). Mas Andy yang bawa, POT 1 Ton",,
81,"Sabtu, 8 Agustus 2026","Selasa, 11 Agustus 2026",SEMARANG,JIANHUA PRECAST (SAYUNG),116.554,"30,48","30,27","  3.528.089,58 ","  35.280,90 ",,,"1.900.000,00","1.433.528,68","0,09","0,21","118.560,00","59.280,00",Belum Dipotong,"50.000,00","0,00",Disimpan,Tidak Potong,Disimpan,"0,00",-,"100.000,00",Disimpan,Mas Andy yang bawa,,
82,"Selasa, 11 Agustus 2026","Jumat, 14 Agustus 2026",SEMARANG,ARIES PUTRA BETON (SEMARANG),116.554,"33,04","33,04","  3.850.944,16 ","  38.509,44 ",,,"2.000.000,00","1.627.434,72","0,10","0,00","0,00","0,00",-,"35.000,00","35.000,00",Disimpan,Tidak Potong,Disimpan,"50.000,00",Sudah dibayar 24 Juli 26,"100.000,00",Disimpan,Tonase Semarang dr 32 ton,,
83,"Rabu, 19 Agustus 2026","Kamis, 20 Agustus 2026",SEMARANG,ARIES PUTRA BETON (SEMARANG),130.730,"29,70","29,30","  3.830.389,00 ","  38.303,89 ",,,"1.950.000,00","1.586.635,11","0,09","0,40","310.900,00","155.450,00",-,"35.000,00","0,00",Disimpan,Tidak Potong,Disimpan,"0,00",-,"100.000,00",Disimpan,"Tonase Semarang dr 32 ton, Pot 1 ton",,
84,"Jumat, 21 Agustus 2026","Selasa, 25 Agustus 2026",SALATIGA,TRIPILAR BETON MAS (SALATIGA),177.561,"29,38","29,38","  5.216.742,18 ","  52.167,42 ",,,"2.950.000,00","2.014.574,76","0,09","0,00","0,00","0,00",-,"50.000,00","0,00",Disimpan,Tidak Potong,Disimpan,"100.000,00",Sudah dibayar 26 Agst 26,"100.000,00",Disimpan,"34,04 jadi 33,96 selisih 80kg",,
85,"Rabu, 26 Agustus 2026","Sabtu, 29 Agustus 2026",SIDOARJO,SUPERIOR PRIMA SUKSES (KRIAN),163.410,"30,50","30,50","  4.984.005,00 ",,,"  130.000,00 ","2.600.000,00","2.054.005,00","0,09","0,00","0,00","0,00",-,"50.000,00","0,00",Disimpan,Tidak Potong,Disimpan,"100.000,00",Sudah dibayar 1 Spt 26,"100.000,00",Disimpan,"Grobogan Tonase 32 ton, potong tanpa toleransi. Pot 2 ton",,
86,"Selasa, 1 September 2026","Rabu, 2 September 2026",SEMARANG,VARIA USAHA BETON (SAYUNG),130.730,"30,46","30,46","  3.982.035,80 ","  39.820,36 ",,,"1.950.000,00","1.892.215,44","0,09","0,00","0,00","0,00",-,"50.000,00","0,00",Disimpan,Tidak Potong,Disimpan,"0,00",-,"100.000,00",Disimpan,,,
87,"Rabu, 2 September 2026","Jumat, 4 September 2026",SEMARANG,ARIES PUTRA BETON (SEMARANG),130.730,"31,40","31,40","  4.104.922,00 ","  41.049,22 ",,,"2.000.000,00","1.963.872,78","0,09","0,00","0,00","0,00",-,"35.000,00","0,00",Disimpan,Tidak Potong,Disimpan,"0,00",-,"100.000,00",Disimpan,"Tonase Semarang dr 32 ton, lebih 10 kg, terbayar. Pot 100.000 (2ton)",,
88,"Sabtu, 5 September 2026","Rabu, 9 September 2026",SALATIGA,TRIPILAR BETON MAS (SALATIGA),177.561,"34,04","33,96","  6.029.971,56 ","  60.299,72 ",,,"3.000.000,00","2.569.671,84","0,10","0,08","0,00","0,00",-,"50.000,00","200.000,00",Disimpan,Tidak Potong,Disimpan,"100.000,00",Sudah dibayar 12 Spt 26,"100.000,00",Disimpan,"34,04 jadi 33,96 selisih 80kg",,
89,"Sabtu, 12 September 2026",,SALATIGA,TRIPILAR (REMBANG SALATIGA),153.791,"34,04","33,96","  5.222.742,36 ","  52.227,42 ",,,"2.600.000,00","2.335.514,94","0,10","0,08","0,00","0,00",-,"45.000,00","135.000,00",Disimpan,Tidak Potong,Disimpan,"0,00",-,"100.000,00",Disimpan,,,
,,,,,,,,,,,,,,,,,,,,,,,,,,,,,,
,,,,,,,,,,,,,,,,,,,,,,,,,,,,,,
,,,,,,,,"398.129.561,74","3.829.467,29",,,"197.631.000,00","180.899.064,45",,,"2.311.060,00","1.155.530,00","621.550,00",,"3.500.000,00","1.510.000,00","50.000,00","(750.000,00)","1.750.000,00","900.000,00","8.900.000,00","2.600.000,00",,,
,,,,,,,,,,,,,,,,,,,,,Kasbon 700+lampu200,,,,,,,,,
,,,,,,,,,,,,,,,,,,,,,,,,,,,,,,
,,,,,,,,,,,,September,"1.526.271,34","408.236,84","1.118.034,50","1.526.271,34",,,,,1990000,700000,,,,,,,,
,,,,,,,,,,,,Oktober,"22.875.893,21","8.563.000,00","14.312.893,21","22.875.893,21",,,,Khoirul Tab+ins,1.720.000,Sudah dibayar 17 mar 26,,,,,,,,
,,,,,,,,,,,,November,"19.460.193,04","5.400.000,00","14.060.193,04","19.460.193,04",,,,,,,,,,,,,,
,,,,,,,,,,,,Desember ,"17.869.303,04","5.345.000,00","12.524.303,04","17.869.303,04",,,,Klaim tonase dan Ban Belum ,,,,,,,,,,
,,,,,,,,,,,,Januari,"15.299.252,86","8.480.600,00","6.818.652,86","15.299.122,86",,,,,,,,,,,,,,
,,,,,,,,,,,,Februari,"16.567.778,72","6.993.600,00","9.574.178,72","16.911.028,72",,,,,,,,,,,,,,
,,,,,,,,,,,,Maret,"9.525.951,27","1.703.600,00","7.822.351,27","3.257.994,41",,,,,,,,,,,,,,
,,,,,,,,,,,,April,"12.800.342,42","20.223.600,00","-7.423.257,58",,,,,,,,,,,,,,,
,,,,,,,,,,,,Mei ,"15.275.653,23","21.208.600,00","-5.932.946,77",,,,,,,,,,,,,,,
,,,,,,,,,,,,Juni,"13.147.417,68","5.928.600,00","7.218.817,68",,,,,,,,,,,,,,,
,,,,,,,,,,,,Juli,"16.327.104,97","4.307.310,00","12.019.794,97",,,,,,,,,,,,,,,
,,,,,,,,,,,,Agustus,"11.462.627,68","5.893.600,00","5.569.027,68",,,,,,,,,,,,,,,
,,,,,,,,,,,,September,"8.761.275,00",,"8.761.275,00",,,,,,,,,,,,,,,
,,,,,,,,,,,,,,,,,,,,,,,,,,,,,,
,,,,,,,,,,,,,,,,,,,,,,,,,,,,,,
,,,,,,,,,,,,Koreksi,"172.137.789,45","94.455.746,84","77.682.042,61","97199806,62",,,,,,,,,,,,,,