NO,TANGGAL ORDER,TANGGAL BONGKAR,KOTA,TUJUAN BONGKAR, TARIF , TONASE MUAT , TONASE BONGKAR  , OMSET , PAJAK 1% ,POT 2% LJU,5% UJ GRB, SANGU (31 TON) , PROFIT , TOLERANSI 0.3% , SELISIH MUAT , KLAIM , KLAIM DRIVER ,PEMBAYARAN, INSENTIF ,DIBAYARKAN,PEMBAYARAN,BANTUAN UANG MAKAN,PEMBAYARAN,TABUNGAN,PEMBAYARAN,MAS MAWAN (CV. SATRIA PERWIRA)/DO,PEMBAYARAN,MBAH MAN (SILOG)/DO,PEMBAYARAN,CATATAN,TOLERANSI MUATAN 0.3%,KLAIM 
,,,,,,,,,,,,,,,,,,,,,,,,,,,,,,,,
1,"Selasa, 10 Juni 2025",,SEMARANG,ARIES PUTRA BETON (SEMARANG),116.554,-,"32,40","  3.776.349,60 ",,,,"1.879.000,00","1.762.349,60",-,-,-,-,-,"35.000,00","35.000,00",Sudah dibayar 10 Juni 25,-,-,-,-,"100.000,00",Sudah dibayar 25 JunI 25 5rit,-, - ,10 Jun 25 Mas Yono Insentif 35.000 (1 rit),,
2,"Jumat, 13 Juni 2025",,SEMARANG,PRY TOL SEMARANG (SAYUNG),116.554,-,"35,08","  4.088.714,32 ",,,,"1.879.000,00","1.969.714,32",-,-,-,-,-,"35.000,00","140.000,00",Sudah dibayar 17 Agu 25,-,-,-,-,"100.000,00",Sudah dibayar 25 JunI 25 5rit,-, - ,,,
3,"Senin, 16 Juni 2025",,GRESIK,PBR KUMALA KIRAN (WRINGIN ANOM),76.309,-,"34,28","  2.615.855,38 ",,,,"1.450.000,00","990.855,38",-,-,-,-,-,"25.000,00","75.000,00",Sudah dibayar 17 Agu 25,-,-,-,-,"100.000,00",Sudah dibayar 25 JunI 25 5rit,-, - ,,,
4,"Sabtu, 21 Juni 2025",,SEMARANG,ARIES PUTRA BETON (SEMARANG),116.554,-,"39,04","  4.550.268,16 ",,,,"1.879.000,00","2.291.268,16",-,-,-,-,-,"35.000,00","280.000,00",Sudah dibayar 17 Agu 25,-,-,-,-,"100.000,00",Sudah dibayar 25 JunI 25 5rit,-, - ,,,
5,"Rabu, 25 Juni 2025",,SEMARANG,CONCRETE POHON CEMARA (KALIGAWE),116.554,-,"30,30","  3.531.586,20 ",,,,"1.879.000,00","1.552.586,20",-,-,-,-,-,"0,00","0,00",Sudah dibayar 17 Agu 25,-,-,-,-,"100.000,00",Sudah dibayar 25 JunI 25 5rit,"50.000,00",Sudah dibayar 3 Jul 25,"30.44, selisih 150 kg. 25 Jun 25 Mas Mawan 500.000 (5rit)",,
6,"Selasa, 1 Juli 2025",,SEMARANG,KINI JAYA INDAH (PLAMONGAN),116.554,-,"35,38","  4.123.680,52 ",,,,"1.879.000,00","2.004.680,52",-,-,-,-,-,"35.000,00","140.000,00",Sudah dibayar 17 Agu 25,-,-,-,-,"100.000,00",Sudah dibayar 10 Jul 25 3 rit,"50.000,00",Sudah dibayar 3 Jul 25,3 Jul 25 Mbah Man 100.000 (2rit),,
7,"Jumat, 4 Juli 2025",,JOMBANG,SINAR ABADI CITRA SARANA (BAKALAN),103.334,-,"35,38","  3.655.971,07 ",,,,"1.600.000,00","1.785.971,07",-,-,-,-,-,"30.000,00","120.000,00",Sudah dibayar 17 Agu 25,-,-,-,-,"100.000,00",Sudah dibayar 10 Jul 25 3 rit,"50.000,00",Sudah dibayar 13 Jul 25,,,
8,"Senin, 7 Juli 2025",,JOMBANG,TRIJAYA ADYMIX (NGORO),103.334,-,"34,40","  3.554.703,36 ",,,,"1.600.000,00","1.714.703,36",-,-,-,-,-,"30.000,00","90.000,00",Sudah dibayar 17 Agu 25,-,-,-,-,"100.000,00",Sudah dibayar 10 Jul 25 3 rit,"50.000,00",Sudah dibayar 13 Jul 25,,,
9,"Kamis, 10 Juli 2025",,SEMARANG BF09,PRATAMA WIDYA (TERBOYO),"133.056,0",-,"31,96","  4.252.469,76 ",,,,"1.950.000,00","2.102.469,76",-,-,-,-,-,"50.000,00","50.000,00",Sudah dibayar 17 Agu 25,-,-,-,-,"100.000,00",Sudah dibayar 15 Jul 25 3rit,"50.000,00",Sudah dibayar 13 Jul 25,10 Jul 25 Mas Mawan 300.000 (3rit),,
10,"Minggu, 13 Juli 2025",,SEMARANG,SATWIGA MUSTIKA NIAGA (METESEH),116.554,-,"30,68","  3.575.876,72 ",,,,"1.879.000,00","1.596.876,72",-,-,-,-,-,"0,00","0,00",Sudah dibayar 17 Agu 25,-,-,-,-,"100.000,00",Sudah dibayar 15 Jul 25 3rit,"50.000,00",Sudah dibayar 18 Jul 25,"Selisih 80 kg, 30.78 jadi 30.68. 13 Jul 25 Mbah Man 150.000 (3rit), 15 Jul 25 Mas Mawan 300.000 (3rit)",,
11,"Selasa, 15 Juli 2025",,SEMARANG BF09,PRATAMA WIDYA (TERBOYO),"133.056,0",-,"34,26","  4.558.498,56 ",,,,"1.950.000,00","2.308.498,56",-,-,-,-,-,"50.000,00","150.000,00",Sudah dibayar 17 Agu 25,-,-,-,-,"100.000,00",Sudah dibayar 15 Jul 25 3rit,"50.000,00",Sudah dibayar 18 Jul 25,,,
12,"Minggu, 20 Juli 2025",,SEMARANG BF09,PRATAMA WIDYA (TERBOYO),"133.056,0",-,"33,90","  4.510.598,40 ",,,,"1.950.000,00","2.260.598,40",-,-,-,-,-,"50.000,00","150.000,00",Sudah dibayar 17 Agu 25,-,-,-,-,"100.000,00",Sudah dibayar 31 Jul 25 2rit,"50.000,00",Sudah dibayar 18 Jul 25,18 Jul 25 Mbah Man 150.000 (3rit),,
13,"Rabu, 23 Juli 2025","Kamis, 24 Juli 2025",SEMARANG BF09,PRATAMA WIDYA (TERBOYO),"133.056,0",-,"32,50","  4.324.320,00 ",,,,"1.950.000,00","2.174.320,00",-,-,-,-,-,"50.000,00","50.000,00",Sudah dibayar 17 Agu 25,-,-,-,-,"100.000,00",Sudah dibayar 31 Jul 25 2rit,"50.000,00",Sudah dibayar 25 Jul 25,25 Jul 25 Mbah Man 50.000 (1rit),,
14,"Jumat, 25 Juli 2025","Minggu, 27 Juli 2025",SEMARANG BF09,PRATAMA WIDYA (TERBOYO),"133.056,0",-,"34,42","  4.579.787,52 ",,,,"1.950.000,00","2.279.787,52",-,-,-,-,-,"50.000,00","150.000,00",Sudah dibayar 17 Agu 25,"50.000,00",Sudah dibayar 29 Jul 25,-,-,"100.000,00",Sudah dibayar 9 Agu 25 5rit,"50.000,00",Sudah dibayar 28 Jul 25,28 Jul 25 Mbah Man 50.000 (1rit),,
15,"Selasa, 29 Juli 2025","Kamis, 31 Juli 2025",KARANGANYAR BI22,DUTA SARANA PERKASA (KARANGANYAR),"164.989,4",-,"32,78","  5.408.352,53 ",,,,"2.650.000,00","2.558.352,53",-,-,-,-,-,"50.000,00","50.000,00",Sudah dibayar 17 Agu 25,"0,00",-,-,-,"100.000,00",Sudah dibayar 9 Agu 25 5rit,"50.000,00",Sudah dibayar 3 Agu 25,3 Agu 25 Mbah Man 100.000 (2rit),,
16,"Sabtu, 2 Agustus 2025","Senin, 4 Agustus 2025",GRESIK,PBR KUMALA KIRAN (WRINGIN ANOM),76.309,-,"32,58","  2.486.130,93 ",,,,"1.450.000,00","786.130,93",-,-,-,-,-,"25.000,00","25.000,00",Sudah dibayar 17 Agu 25,"75.000,00",Sudah dibayar 5 Agu 25,-,-,"100.000,00",Sudah dibayar 9 Agu 25 5rit,"50.000,00",Sudah dibayar 3 Agu 25,31 Jul 25 Mas Mawan 200.000 (2rit),,
17,"Selasa, 5 Agustus 2025","Rabu, 6 Agustus 2025",JOMBANG,TRIJAYA ADYMIX (NGORO),103.334,-,"34,04","  3.517.502,98 ",,,,"1.600.000,00","1.677.502,98",-,-,-,-,-,"30.000,00","90.000,00",Sudah dibayar 17 Agu 25,"0,00",-,-,-,"100.000,00",Sudah dibayar 9 Agu 25 5rit,"50.000,00",Sudah dibayar 9 Agu 25 2rit,,,
18,"Jumat, 8 Agustus 2025","Senin, 11 Agustus 2025",UNGARAN,APB BP BAWEN / TOL JBW SEC 6 (BAWEN),190.080,-,"33,43","  6.354.374,40 ",,,,"2.800.000,00","3.229.374,40",-,-,-,-,-,"50.000,00","100.000,00",Sudah dibayar 17 Agu 25,"75.000,00",Sudah dibayar 13 Agu 25,-,-,"100.000,00",Sudah dibayar 9 Agu 25 5rit,"50.000,00",Sudah dibayar 9 Agu 25 2rit,"9 Agu 25 Mas Mawan 500.000 (5rit), 9 Agu 25 Mbah Man 100.000 (2rit)",,
18,"Rabu, 13 Agustus 2025","Jumat, 15 Agustus 2025",UNGARAN,APB BP BAWEN / TOL JBW SEC 6 (BAWEN),190.080,-,"33,21","  6.312.556,80 ",,,,"2.800.000,00","3.262.556,80",-,-,-,-,-,"50.000,00","100.000,00",Sudah dibayar 17 Agu 25,"0,00",-,-,-,"100.000,00",Sudah dibayar 12 Sep 25 10rit,"50.000,00",Sudah dibayar 25 Agu 25 2rit,,,
19,"Minggu, 17 Agustus 2025","Selasa, 19 Agustus 2025",KARANGANYAR BI22,DUTA SARANA PERKASA (KARANGANYAR),"164.989,4",-,"34,13","  5.631.088,22 ",,,,"2.650.000,00","2.681.088,22",-,-,-,-,-,"50.000,00","150.000,00",Sudah dibayar 17 Agu 25,"0,00",-,-,-,"100.000,00",Sudah dibayar 12 Sep 25 10rit,"50.000,00",Sudah dibayar 25 Agu 25 2rit,17 Agu 25 Mas Yono Insentif 1.910.000 (18 rit),,
20,"Jumat, 22 Agustus 2025","Sabtu, 23 Agustus 2025",MAGELANG,GEMILANG MAKMUR (MAGELANG),196.733,-,"33,08","  6.507.936,90 ",,,,"3.100.000,00","3.157.936,90",-,-,-,-,-,"50.000,00","100.000,00",Sudah dibayar 17 Mar 26,"0,00",-,-,-,"100.000,00",Sudah dibayar 12 Sep 25 10rit,"50.000,00",Sudah dibayar 25 Agu 25 2rit,25 Agu 25 Mbah Man 150.000 (3rit),,
21,"Senin, 25 Agustus 2025","Rabu, 27 Agustus 2025",SITUBONDO,WITON/ PRY TOL (SITUBONDO),165.335,-,"32,06","  5.300.640,10 ",,,,"2.600.000,00","2.460.640,10",-,-,-,-,-,"40.000,00","40.000,00",Sudah dibayar 17 Mar 26,"50.000,00",Sudah dibayar 28 Agu 25,-,-,"100.000,00",Sudah dibayar 12 Sep 25 10rit,"50.000,00",Sudah dibayar 7 Sep 25 4rit,,,
23,"Kamis, 28 Agustus 2025","Jumat, 29 Agustus 2025",SURABAYA  DG37,UNGGUL JAYA BETON (SURBAYA),"85.916,2",-,"33,28","  2.859.291,14 ",,,,"1.600.000,00","1.009.291,14",-,-,-,-,-,"50.000,00","100.000,00",Sudah dibayar 17 Mar 26,"0,00",-,-,-,"100.000,00",Sudah dibayar 12 Sep 25 10rit,"50.000,00",Sudah dibayar 7 Sep 25 4rit,,,
24,"Minggu, 31 Agustus 2025","Rabu, 3 September 2025",KARANGANYAR BI22,DUTA SARANA PERKASA (KARANGANYAR),"164.989,4",-,"33,02","  5.447.949,99 ",,,,"2.650.000,00","2.497.949,99",-,-,-,-,-,"50.000,00","100.000,00",Sudah dibayar 17 Mar 26,"50.000,00",Sudah dibayar 5 Sep 25,-,-,"100.000,00",Sudah dibayar 12 Sep 25 10rit,"50.000,00",Sudah dibayar 7 Sep 25 4rit,,,
25,"Jumat, 5 September 2025","Sabtu, 6 September 2025",BOJONEGORO,EDOMIX MEGA BETON (BOJONEGORO),82.906,-,"32,36","  2.682.838,16 ",,,,"1.250.000,00","1.262.838,16",-,-,-,-,-,"20.000,00","20.000,00",Sudah dibayar 17 Mar 26,"0,00",-,-,-,"100.000,00",Sudah dibayar 12 Sep 25 10rit,"50.000,00",Sudah dibayar 7 Sep 25 4rit,7 Sep 25 Mbah Man 200.000 (4rit),,
26,"Minggu, 7 September 2025","Senin, 8 September 2025",JOMBANG,TRIJAYA ADYMIX (NGORO),103.334,-,"31,74","  3.279.833,86 ",,,,"1.600.000,00","1.529.833,86",-,-,-,-,-,"30.000,00","0,00",Sudah dibayar 17 Mar 26,"0,00",-,-,-,"100.000,00",Sudah dibayar 12 Sep 25 10rit,"50.000,00",Sudah dibayar 23 Sep 25 6 rit,"Selisih 460 kg, 32.20 jadi 31.74",,
27,"Senin, 8 September 2025","Selasa, 9 September 2025",MAGELANG,GEMILANG MAKMUR (MAGELANG),196.733,-,"29,52","  5.807.566,43 ",,,,"3.100.000,00","2.557.566,43",-,-,-,-,-,"50.000,00","0,00",Sudah dibayar 17 Mar 26,"0,00",-,-,-,"100.000,00",Sudah dibayar 12 Sep 25 10rit,"50.000,00",Sudah dibayar 23 Sep 25 6 rit,Surat Order Tambahan 30 ton batas,,
28,"Rabu, 10 September 2025","Sabtu, 13 September 2025",UNGARAN,KH BETON (UNGARAN),190.080,-,"32,60","  6.196.608,00 ",,,,"2.800.000,00","3.096.608,00",-,-,-,-,-,"50.000,00","50.000,00",Sudah dibayar 17 Mar 26,"100.000,00",Sudah dibayar 14 Sep 25,-,-,"100.000,00",Sudah dibayar 12 Sep 25 10rit,"50.000,00",Sudah dibayar 23 Sep 25 6 rit,12 Sep 25 Mas Mawan 1.000.000 (10rit),,
29,"Sabtu, 13 September 2025","Senin, 15 September 2025",KARANGANYAR BI22,DUTA SARANA PERKASA (KARANGANYAR),"164.989,4",-,"34,40","  5.675.635,36 ",,,,"2.650.000,00","2.725.635,36",-,-,-,-,-,"50.000,00","150.000,00",Sudah dibayar 17 Mar 26,"0,00",-,-,-,"100.000,00",Sudah dibayar 7 Okt 25 5rit,"50.000,00",Sudah dibayar 23 Sep 25 6 rit,,,
30,"Rabu, 17 September 2025","Jumat, 19 September 2025",SEMARANG,JIANHUA PRECAST (SAYUNG),116.554,-,"35,40","  4.126.011,60 ",,,,"1.900.000,00","1.936.011,60",-,-,-,-,-,"35.000,00","140.000,00",Sudah dibayar 17 Mar 26,"0,00",-,-,-,"100.000,00",Sudah dibayar 7 Okt 25 5rit,"50.000,00",Sudah dibayar 23 Sep 25 6 rit,"Selisih 560 kg, 35.96 jadi 35.40",,
31,"Sabtu, 20 September 2025","Minggu, 21 September 2025",UNGARAN,KH BETON (UNGARAN),190.080,-,"33,29","  6.327.763,20 ","  63.277,63 ",,,"2.800.000,00","3.214.485,57",-,-,-,-,-,"50.000,00","100.000,00",Sudah dibayar 17 Mar 26,"0,00",-,-,-,"100.000,00",Sudah dibayar 7 Okt 25 5rit,"50.000,00",Sudah dibayar 23 Sep 25 6 rit,23 Sep 25 Mbah Man 300.000 (6rit),,
32,"Selasa, 23 September 2025","Rabu, 24 September 2025",UNGARAN,KH BETON (UNGARAN),190.080,-,"32,78","  6.230.822,40 ","  62.308,22 ",,,"2.800.000,00","3.168.514,18",-,-,-,-,-,"50.000,00","50.000,00",Sudah dibayar 17 Mar 26,"0,00",-,-,-,"100.000,00",Sudah dibayar 7 Okt 25 5rit,"50.000,00",Sudah dibayar 29 Sep 25 1 rit,,,
33,"Kamis, 25 September 2025","Kamis, 25 September 2025",KUDUS,MITRA BETON PERKASA (KUDUS),77.899,-,"34,62","  2.696.863,38 ","  26.968,63 ",,,"1.500.000,00","994.894,75",-,-,-,-,-,"25.000,00","75.000,00",Sudah dibayar 17 Mar 26,"0,00",-,-,-,"100.000,00",Sudah dibayar 7 Okt 25 5rit,,,Mbah Man 150.000/Bulan sekarang ,,
34,"Sabtu, 27 September 2025","Senin, 29 September 2025",BOJONEGORO,EDOMIX MEGA BETON (BOJONEGORO),82.906,-,"32,70","  2.711.026,20 ","  27.110,26 ",,,"1.250.000,00","1.313.915,94",-,-,-,-,-,"20.000,00","20.000,00",Sudah dibayar 17 Mar 26,"0,00",-,-,-,"100.000,00",Sudah dibayar 28 Okt 25 12rit,,,,,
35,"Senin, 29 September 2025","Selasa, 30 September 2025",BOJONEGORO,EDOMIX KIRUN TANGGUH (BOJONEGORO),82.906,-,"35,72","  2.961.402,32 ","  29.614,02 ",,,"1.250.000,00","1.501.788,30",-,-,-,-,-,"20.000,00","80.000,00",Sudah dibayar 17 Mar 26,"0,00",-,-,-,"100.000,00",Sudah dibayar 28 Okt 25 12rit,,,"Mbah Man Pensiun, 29 Sep 25 Mbah Man 50.000 (1rit)",,
36,"Rabu, 1 Oktober 2025","Jumat, 3 Oktober 2025",UNGARAN,KH BETON (UNGARAN),190.080,-,"32,49","  6.175.699,20 ","  61.756,99 ",,,"2.800.000,00","3.163.942,21",-,-,-,-,-,"50.000,00","50.000,00",Sudah dibayar 17 Mar 26,"0,00",-,-,-,"100.000,00",Sudah dibayar 28 Okt 25 12rit,,,"Selisih 370 kg, 32.86 jadi 32.49",,
37,"Senin, 6 Oktober 2025","Rabu, 8 Oktober 2025",UNGARAN,KH BETON (UNGARAN),190.080,-,"33,13","  6.297.350,40 ","  62.973,50 ",,,"2.800.000,00","3.234.376,90",-,-,-,-,-,"50.000,00","100.000,00",Sudah dibayar 17 Mar 26,"0,00",-,-,-,"100.000,00",Sudah dibayar 28 Okt 25 12rit,,,"Selisih 30 kg, 31.16 jadi 31.13, 7 Okt 25 Mas Mawan 500.000 (5rit)",,
38,"Rabu, 8 Oktober 2025","Kamis, 9 Oktober 2025",SUKOHARJO,GRIYA PAVING MANDIRI (SUKOHARJO),147.316,-,"33,36","  4.914.461,76 ","  49.144,62 ",,,"2.800.000,00","1.865.317,14",-,-,-,-,-,"50.000,00","100.000,00",Sudah dibayar 17 Mar 26,"0,00",-,-,-,"100.000,00",Sudah dibayar 28 Okt 25 12rit,,,,,
39,"Senin, 13 Oktober 2025","Selasa, 14 Oktober 2025",UNGARAN,KH BETON (UNGARAN),190.080,-,"33,65","  6.396.192,00 ","  63.961,92 ",,,"2.800.000,00","3.332.230,08",-,-,-,-,-,"50.000,00","100.000,00",Sudah dibayar 17 Mar 26,"0,00",-,-,-,"100.000,00",Sudah dibayar 28 Okt 25 12rit,,,"Selisih 350kg, 34 jadi 33.65",,
40,"Rabu, 15 Oktober 2025","Rabu, 15 Oktober 2025",BLORA,PERDANA MULIA BETON (RANDUBLATUNG),101.477,-,"34,56","  3.507.045,12 ","  35.070,45 ",,,"1.700.000,00","1.581.974,67",-,-,-,-,-,"30.000,00","90.000,00",Sudah dibayar 17 Mar 26,"0,00",-,-,-,"100.000,00",Sudah dibayar 28 Okt 25 12rit,,,salah hitung ,,
41,"Kamis, 16 Oktober 2025","Kamis, 16 Oktober 2025",KEDIRI,LANCARJAYA MANDIRI (KEDIRI),92.448,-,"32,72","  3.024.898,56 ","  30.248,99 ",,,"1.850.000,00","1.014.649,57",-,-,-,-,-,"30.000,00","30.000,00",Sudah dibayar 17 Mar 26,"0,00",-,-,-,"100.000,00",Sudah dibayar 28 Okt 25 12rit,,,1.800.000+50.000 Toll mas yon,,
42,"Sabtu, 18 Oktober 2025","Selasa, 21 Oktober 2025",UNGARAN,KH BETON (UNGARAN),190.080,-,"32,18","  6.116.774,40 ","  61.167,74 ",,,"2.800.000,00","3.105.606,66",-,-,-,-,-,"50.000,00","50.000,00",Sudah dibayar 17 Mar 26,"0,00",-,-,-,"100.000,00",Sudah dibayar 28 Okt 25 12rit,,,"Selisih 440kg, 32.62 jadi 32.18",,
43,"Kamis, 23 Oktober 2025","Jumat, 24 Oktober 2025",DEMAK BF01,NUSANTARA BUILDING INDUSTRI (DEMAK KARANG TENGAH),"110.246,40",-,"33,04","  3.642.541,06 ","  36.425,41 ",,,"1.800.000,00","1.606.115,65",-,-,-,-,-,"50.000,00","100.000,00",Sudah dibayar 17 Mar 26,"0,00",-,-,-,"100.000,00",Sudah dibayar 28 Okt 25 12rit,,,"Selisih 280kg, 33.32 jadi 33.04",,
44,"Senin, 27 Oktober 2025","Senin, 27 Oktober 2025",BOJONEGORO,EDOMIX KIRUN TANGGUH (BOJONEGORO),82.906,-,"33,48","  2.775.692,88 ","  27.756,93 ",,,"1.250.000,00","1.357.935,95",-,-,-,-,-,"20.000,00","40.000,00",Sudah dibayar 17 Mar 26,"0,00",-,-,-,"100.000,00",Sudah dibayar 28 Okt 25 12rit,,,,,
45,"Selasa, 28 Oktober 2025","Kamis, 30 Oktober 2025",UNGARAN,APB BP BAWEN / TOL JBW SEC 6 (BAWEN),190.080,-,"32,96","  6.265.036,80 ","  62.650,37 ",,,"2.800.000,00","3.202.386,43",-,-,-,-,-,"50.000,00","100.000,00",Sudah dibayar 17 Mar 26,"0,00",-,-,-,"100.000,00",Sudah dibayar 28 Okt 25 12rit,,,"28 Okt 25 Mas Mawan 1.200.000 (12rit), Kasbon mas Mawan 2juta lunas (8rit hijau), Selisih 160kg, 33.12 jadi 32.96",,
46,"Jumat, 31 Oktober 2025","Sabtu, 1 November 2025",UNGARAN,KH BETON (UNGARAN),190.080,-,"31,70","  6.025.536,00 ","  60.255,36 ",,,"2.800.000,00","3.015.280,64",-,-,-,-,-,"50.000,00","50.000,00",Sudah dibayar 17 Mar 26,"0,00",-,-,-,"100.000,00",Sudah dibayar 5 Nov 25 3rit,,,"5 Nov 25 Mas Mawan 300.000 (3rit), Cicilan Mawan 600rb lunas (3rit hijau)",,
47,"Senin, 3 November 2025","Rabu, 5 November 2025",SEMARANG,JIANHUA PRECAST (SAYUNG),116.554,-,"31,40","  3.659.795,60 ","  36.597,96 ",,,"1.900.000,00","1.623.197,64",-,-,-,-,-,"35.000,00","0,00",Sudah dibayar 17 Mar 26,"0,00",-,-,-,"100.000,00",Sudah dibayar 5 Nov 25 3rit,,,,,
48,"Kamis, 6 November 2025","Minggu, 9 November 2025",UNGARAN,APB BP BAWEN / TOL JBW SEC 6 (BAWEN),190.080,-,"31,38","  5.964.710,40 ","  59.647,10 ",,,"2.800.000,00","2.955.063,30",-,-,-,-,-,"50.000,00","0,00",Sudah dibayar 17 Mar 26,"50.000,00",Sudah dibayar 11 Nov 25,-,-,"100.000,00",Sudah dibayar 5 Nov 25 3rit,,,"Lebih 540kg, 30.84 jadi 31,38",,
49,"Selasa, 11 November 2025","Kamis, 13 November 2025",UNGARAN,APB BP BAWEN / TOL JBW SEC 6 (BAWEN),190.080,-,"33,30","  6.329.664,00 ","  63.296,64 ",,,"2.800.000,00","3.266.367,36",-,-,-,-,-,"50.000,00","100.000,00",Sudah dibayar 17 Mar 26,"0,00",-,-,-,"100.000,00",Sudah dibayar 14 Nov 25 2rit,,,"Selisih 40kg, 33.34 jadi 33.3. Mas Mawan Kasbon 600.000",,
50,"Jumat, 14 November 2025","Senin, 17 November 2025",UNGARAN,KH BETON (UNGARAN),190.080,-,"34,73","  6.601.478,40 ","  66.014,78 ",,,"2.800.000,00","3.435.463,62",-,-,-,-,-,"50.000,00","150.000,00",Sudah dibayar 17 Mar 26,"50.000,00",Sudah dibayar 18 Nov 25,-,-,"100.000,00",Sudah dibayar 14 Nov 25 2rit,,,"Mas Mawan Lunas (2rit putih, 4rit hijau)",,
51,"Selasa, 18 November 2025","Rabu, 19 November 2025",UNGARAN,APB BP BAWEN / TOL JBW SEC 6 (BAWEN),190.080,-,"34,30","  6.519.744,00 ","  65.197,44 ",,,"2.800.000,00","3.404.546,56",-,-,-,-,-,"50.000,00","150.000,00",Sudah dibayar 17 Mar 26,"0,00",-,-,-,"100.000,00",Sudah dibayar 25 Nov 25 3rit,,,"Lebih 80kg, 34.22 jadi 34.3",,
52,"Jumat, 21 November 2025","Minggu, 23 November 2025",UNGARAN,APB BP BAWEN / TOL JBW SEC 6 (BAWEN),190.080,-,"32,48","  6.173.798,40 ","  61.737,98 ",,,"2.800.000,00","3.112.060,42",-,-,-,-,-,"50.000,00","50.000,00",Sudah dibayar 17 Mar 26,"50.000,00",Sudah dibayar 24 Nov 25,-,-,"100.000,00",Sudah dibayar 25 Nov 25 3rit,,,"Kurang 260kg, 32.74 jadi 32.48",,
53,"Senin, 24 November 2025","Sabtu, 29 November 2025",UNGARAN,APB BP BAWEN / TOL JBW SEC 6 (BAWEN),190.080,-,"34,52","  6.561.561,60 ","  65.615,62 ",,,"2.800.000,00","3.295.945,98",-,-,-,-,-,"50.000,00","150.000,00",Sudah dibayar 17 Mar 26,"150.000,00",Sudah dibayar 1 Des 25,-,-,"100.000,00",Sudah dibayar 25 Nov 25 3rit,,,"Lebih 20kg, 34.5 jadi 34.52, 25 Nov 25 Mas Mawan 3 rit (3 rit hijau)",,
54,"Senin, 1 Desember 2025","Selasa, 2 Desember 2025",SEMARANG,ARIES PUTRA BETON (SEMARANG),116.554,-,"36,68","  4.275.200,72 ","  42.752,01 ",,,"1.900.000,00","2.057.448,71",-,-,-,-,-,"35.000,00","175.000,00",Sudah dibayar 17 Mar 26,"0,00",-,-,-,"100.000,00",Sudah dibayar 13 Des 25 5rit,,,,,
55,"Kamis, 4 Desember 2025","Sabtu, 6 Desember 2025",UNGARAN,APB BP BAWEN / TOL JBW SEC 6 (BAWEN),190.080,-,"32,60","  6.196.608,00 ","  61.966,08 ",,,"2.800.000,00","3.134.641,92",-,-,-,-,-,"50.000,00","50.000,00",Sudah dibayar 17 Mar 26,"50.000,00",Sudah dibayar 8 Des 25,-,-,"100.000,00",Sudah dibayar 13 Des 25 5rit,,,"Kurang 220kg, 32.82 jadi 32.60",,
56,"Senin, 8 Desember 2025","Selasa, 9 Desember 2025",UNGARAN,KH BETON (UNGARAN),190.080,-,"33,04","  6.280.243,20 ","  62.802,43 ",,,"2.800.000,00","3.217.440,77",-,-,-,-,-,"50.000,00","100.000,00",Sudah dibayar 17 Mar 26,"0,00",-,-,-,"100.000,00",Sudah dibayar 13 Des 25 5rit,,,"Kurang 100kg, 33.14 jadi 33.04",,
57,"Rabu, 10 Desember 2025","Rabu, 10 Desember 2025",SEMARANG,ARIES PUTRA BETON (SEMARANG),116.554,-,"35,10","  4.091.045,40 ","  40.910,45 ",,,"1.900.000,00","1.910.134,95",-,-,-,-,-,"35.000,00","140.000,00",Sudah dibayar 17 Mar 26,"0,00",-,-,-,"100.000,00",Sudah dibayar 13 Des 25 5rit,,,,,
58,"Kamis, 11 Desember 2025","Sabtu, 13 Desember 2025",SEMARANG,ARIES PUTRA BETON (SEMARANG),116.554,-,"32,60","  3.799.660,40 ","  37.996,60 ",,,"1.900.000,00","1.726.663,80",-,-,-,-,-,"35.000,00","35.000,00",Sudah dibayar 17 Mar 26,"0,00",-,-,-,"100.000,00",Sudah dibayar 13 Des 25 5rit,,,"13 Des 25 Mas Mawan 10 rit (5 rit putih,5 rit hijau)",,
59,"Sabtu, 13 Desember 2025","Senin, 15 Desember 2025",SEMARANG,ARIES PUTRA BETON (SEMARANG),116.554,-,"33,80","  3.939.525,20 ","  39.395,25 ",,,"1.900.000,00","1.830.129,95",-,-,-,-,-,"35.000,00","70.000,00",Sudah dibayar 17 Mar 26,"0,00",-,-,-,"100.000,00",Sudah dibayar 20 Des 25 5rit,,,,,
60,"Rabu, 17 Desember 2025","Kamis, 18 Desember 2025",SEMARANG,ARIES PUTRA BETON (SEMARANG),116.554,-,"36,72","  4.279.862,88 ","  42.798,63 ",,,"1.900.000,00","2.062.064,25",-,-,-,,-,"35.000,00","175.000,00",Sudah dibayar 17 Mar 26,"0,00",-,-,-,"100.000,00",Sudah dibayar 20 Des 25 5rit,,,"20 Des 25 Mas Mawan 4 rit (2 rit putih, 2 rit hijau)",,
61,"Senin, 22 Desember 2025","Rabu, 24 Desember 2025",UNGARAN,APB BP BAWEN / TOL JBW SEC 6 (BAWEN),190.080,-,"34,17","  6.495.033,60 ","  64.950,34 ",,,"2.800.000,00","3.330.083,26",-,-,-,-,-,"50.000,00","150.000,00",Sudah dibayar 17 Mar 26,"50.000,00",Sudah dibayar 28 Des 25,-,-,"100.000,00",Sudah dibayar 30 Des 25 2rit,,,"Kurang 230kg, 34.4 jadi 34.17",,
62,"Sabtu, 27 Desember 2025","Senin, 29 Desember 2025",SEMARANG,ARIES PUTRA BETON (SEMARANG),116.554,-,"34,08","  3.972.160,32 ","  39.721,60 ",,,"1.900.000,00","1.827.438,72",-,-,-,-,-,"35.000,00","105.000,00",Sudah dibayar 17 Mar 26,"0,00",-,-,-,"100.000,00",Sudah dibayar 30 Des 25 2rit,,,"30 Des 25 Mas Mawan 4 rit (2rit putih, 2 rit hijau)",,
63,"Senin, 29 Desember 2025","Sabtu, 3 Januari 2026",UNGARAN,APB BP BAWEN / TOL JBW SEC 6 (BAWEN),190.080,-,"33,23","  6.316.358,40 ","  63.163,58 ",,,"2.800.000,00","3.253.194,82",-,-,-,-,-,"50.000,00","100.000,00",Sudah dibayar 17 Mar 26,"0,00",-,-,-,"100.000,00",Sudah dibayar 11 Jan 26 4 rit,,,"Lebih 50kg, 33.18 jadi 33,23",,
64,"Selasa, 6 Januari 2026","Kamis, 8 Januari 2026",SEMARANG,JIANHUA PRECAST (SAYUNG),116.554,"32,36","32,02","  3.732.059,08 ","  37.320,59 ",,,"1.900.000,00","1.659.738,49","0,097","0,34","242.920,00","121.460,00",15 Juni 2026,"35.000,00","35.000,00",Sudah dibayar 17 Mar 26,"0,00",-,-,-,"100.000,00",Sudah dibayar 11 Jan 26 4 rit,,,"Kurang 340kg, 32.36 jadi 32.02","97,08","242,92"
65,"Sabtu, 10 Januari 2026","Senin, 12 Januari 2026",UNGARAN,APB BP BAWEN / TOL JBW SEC 6 (BAWEN),190.080,"31,84","31,84","  6.052.147,20 ","  60.521,47 ",,,"2.800.000,00","3.041.625,73","0,096","0,00","0,00","0,00",-,"50.000,00","0,00",Sudah dibayar 17 Mar 26,"50.000,00",Sudah dibayar 13 Jan 26,-,-,"100.000,00",Sudah dibayar 11 Jan 26 4 rit,,,,,
66,"Selasa, 13 Januari 2026","Sabtu, 17 Januari 2026",UNGARAN,APB BP BAWEN / TOL JBW SEC 6 (BAWEN),190.080,"34,90","34,67","  6.590.073,60 ","  65.900,74 ",,,"2.800.000,00","3.374.172,86","0,105","0,23","125.300,00","62.650,00",15 Juni 2026,"50.000,00","150.000,00",Sudah dibayar 17 Mar 26,"100.000,00",Sudah dibayar 21 Jan 26,-,-,"100.000,00",Sudah dibayar 11 Jan 26 4 rit,,,"Kurang 230kg, 34.9 jadi 34.67 11 Jan 26 Mas Mawan 7 rit (4 rit putih, 3 rit hijau)","104,7","125,3"
67,"Rabu, 21 Januari 2026","Kamis, 22 Januari 2026",SEMARANG,ARIES PUTRA BETON (SEMARANG),116.554,"37,20","37,20","  4.335.808,80 ","  43.358,09 ",,,"1.900.000,00","2.082.450,71","0,112","0,00","0,00","0,00",-,"35.000,00","210.000,00",Sudah dibayar 17 Mar 26,"0,00",-,-,-,"100.000,00",Sudah dibayar 5 Feb 26 4 rit,,,,,
68,"Selasa, 27 Januari 2026","Kamis, 29 Januari 2026",SAYUNG BF12,JIANHUA PRECAST (SAYUNG),"120.890,90","35,72","35,37","  4.275.911,13 ","  42.759,11 ",,,"1.900.000,00","2.033.152,02","0,107","0,35","242.840,00","121.420,00",15 Juni 2026,"50.000,00","200.000,00",Sudah dibayar 17 Mar 26,"0,00",-,-,-,"100.000,00",Sudah dibayar 5 Feb 26 4 rit,,,"Kurang 350kg, 35.72 jadi 35.37","107,16","242,84"
69,"Kamis, 29 Januari 2026","Sabtu, 31 Januari 2026",UNGARAN,APB BP BAWEN / TOL JBW SEC 6 (BAWEN),190.080,"32,36","32,21","  6.122.476,80 ","  61.224,77 ",,,"2.800.000,00","3.061.252,03","0,097","0,15","52.920,00","26.460,00",15 Juni 2026,"50.000,00","50.000,00",Sudah dibayar 17 Mar 26,"50.000,00",Sudah dibayar 2 Feb 26,-,-,"100.000,00",Sudah dibayar 5 Feb 26 4 rit,,,"Kurang 150kg, 32.36 jadi 32.10","97,08","52,92"
70,"Senin, 2 Februari 2026","Selasa, 3 Februari 2026",JEPARA BG07,ARYA BETON MITRA PERKASA (JEPARA),"114.808,30","35,40","35,40","  4.064.213,82 ","  40.642,14 ",,,"1.800.000,00","1.923.571,68","0,106","0,00","0,00","0,00",-,"50.000,00","200.000,00",Sudah dibayar 17 Mar 26,"0,00",-,-,-,"100.000,00",Sudah dibayar 5 Feb 26 4 rit,,,"5 Feb 25 Mas Wawan 11 rit (4 rit putih, 7 rit hijau)",,
71,"Kamis, 5 Februari 2026","Jumat, 6 Februari 2026",SEMARANG,JIANHUA PRECAST (SAYUNG),116.554,"33,40","32,96","  3.841.619,84 ","  38.416,20 ",,,"1.900.000,00","1.733.203,64","0,100","0,44","339.800,00","169.900,00",15 Juni 2026,"35.000,00","70.000,00",Sudah dibayar 17 Mar 26,"0,00",-,-,-,"100.000,00",Sudah dibayar 26 Feb 26 8 rit,,,"Kurang 440kg, 33.4 jadi 32,96","100,2","339,8"
72,"Senin, 9 Februari 2026","Selasa, 10 Februari 2026",UNGARAN,APB BP BAWEN / TOL JBW SEC 6 (BAWEN),190.080,"33,18","33,18","  6.306.854,40 ","  63.068,54 ",,,"2.800.000,00","3.243.785,86","0,100","0,00","0,00","0,00",-,"50.000,00","100.000,00",Sudah dibayar 17 Mar 26,"0,00",-,-,-,"100.000,00",Sudah dibayar 26 Feb 26 8 rit,,,,,
73,"Rabu, 11 Februari 2026","Jumat, 13 Februari 2026",UNGARAN,APB BP BAWEN / TOL JBW SEC 6 (BAWEN),190.080,"34,78","34,49","  6.555.859,20 ","  65.558,59 ",,,"2.800.000,00","3.440.300,61","0,104","0,29","185.660,00","92.830,00",15 Juni 2026,"50.000,00","150.000,00",Sudah dibayar 17 Mar 26,"0,00",-,-,-,"100.000,00",Sudah dibayar 26 Feb 26 8 rit,,,"Kurang 290kg, 34,78 jadi 34,49","104,34","185,66"
74,"Senin, 16 Februari 2026","Rabu, 18 Februari 2026",UNGARAN,KH BETON (UNGARAN),190.080,"33,96","33,79","  6.422.803,20 ","  64.228,03 ",,,"2.800.000,00","3.358.575,17","0,102","0,17","68.120,00","34.060,00",15 Juni 2026,"50.000,00","100.000,00",Sudah dibayar 17 Mar 26,"0,00",-,-,-,"100.000,00",Sudah dibayar 26 Feb 26 8 rit,,,"Kurang 170kg, 33.96 jadi 33.79","101,88","68,12"
75,"Kamis, 19 Februari 2026","Jumat, 20 Februari 2026",SEMARANG,ARIES PUTRA BETON (SEMARANG),116.554,"35,26","35,26","  4.109.694,04 ","  41.096,94 ",,,"1.900.000,00","1.928.597,10","0,106","0,00","0,00","0,00",-,"35.000,00","140.000,00",Sudah dibayar 17 Mar 26,"0,00",-,-,-,"100.000,00",Sudah dibayar 26 Feb 26 8 rit,,,,,
76,"Sabtu, 21 Februari 2026","Sabtu, 21 Februari 2026",JEPARA BG07,ARYA BETON MITRA PERKASA (JEPARA),"114.808,30","33,14","33,14","  3.804.747,06 ","  38.047,47 ",,,"1.800.000,00","1.766.699,59","0,099","0,00","0,00","0,00",-,"50.000,00","100.000,00",Sudah dibayar 17 Mar 26,"0,00",-,-,-,"100.000,00",Sudah dibayar 26 Feb 26 8 rit,,,,,
77,"Senin, 23 Februari 2026","Selasa, 24 Februari 2026",SEMARANG,ARIES PUTRA BETON (SEMARANG),116.554,"38,12","38,12","  4.443.038,48 ","  44.430,38 ",,,"1.900.000,00","2.153.608,10","0,114","0,00","0,00","0,00",-,"35.000,00","245.000,00",Sudah dibayar 17 Mar 26,"0,00",-,-,-,"100.000,00",Sudah dibayar 26 Feb 26 8 rit,,,,,
78,"Rabu, 25 Februari 2026","Jumat, 27 Februari 2026",SUKOHARJO,GRIYA PAVING MANDIRI (SUKOHARJO),147.316,"34,06","34,06","  5.017.582,96 ","  50.175,83 ",,,"2.800.000,00","1.917.407,13","0,102","0,00","0,00","0,00",-,"50.000,00","150.000,00",Sudah dibayar 17 Mar 26,"0,00",-,-,-,"100.000,00",Sudah dibayar 26 Feb 26 8 rit,,,"26 Feb 26 Mas Mawan 15 rit (8 rit putih, 7 rit hijau)",,
79,"Minggu, 1 Maret 2026","Selasa, 3 Maret 2026",SEMARANG,JIANHUA PRECAST (SAYUNG),116.554,"34,84","34,84","  4.060.741,36 ","  40.607,41 ",,,"1.900.000,00","1.915.133,95","0,105","0,00","0,00","0,00",-,"35.000,00","105.000,00",Sudah dibayar 17 Mar 26,"0,00",-,-,-,"100.000,00",Sudah dibayar 3 April 26 5 rit,,,"Lebih 200kg, 34.84 jadi 35.04",,
80,"Kamis, 5 Maret 2026","Sabtu, 7 Maret 2026",MAGELANG,MIWA JAYA ABADI (MAGELANG),196.733,"31,44","31,44","  6.185.294,32 ","  61.852,94 ",,,"3.100.000,00","2.923.441,38","0,094","0,00","0,00","0,00",-,"50.000,00","0,00",Sudah dibayar 17 Mar 26,"0,00",-,-,-,"100.000,00",Sudah dibayar 3 April 26 5 rit,,,,,
81,"Minggu, 8 Maret 2026","Selasa, 10 Maret 2026",UNGARAN,APB BP BAWEN / TOL JBW SEC 6 (BAWEN),190.080,"33,64","33,64","  6.394.291,20 ","  63.942,91 ",,,"2.800.000,00","3.280.348,29","0,101","0,00","0,00","0,00",-,"50.000,00","100.000,00",Sudah dibayar 17 Mar 26,"50.000,00",Sudah dibayar 12 Mar 26,-,-,"100.000,00",Sudah dibayar 3 April 26 5 rit,,,"Lebih 180kg, 33.64 jadi 33,82",,
82,"Kamis, 12 Maret 2026","Jumat, 13 Maret 2026",UNGARAN,APB BP BAWEN / TOL JBW SEC 6 (BAWEN),190.080,"33,60","33,42","  6.352.473,60 ","  63.524,74 ",,,"2.800.000,00","3.288.948,86","0,101","0,18","79.200,00","39.600,00",15 Juni 2026,"50.000,00","100.000,00",Sudah dibayar 17 Mar 26,"0,00",-,,,"100.000,00",Sudah dibayar 3 April 26 5 rit,,,"Kurang 180kg, 33.60 jadi 33.42",,
83,"Senin, 30 Maret 2026","Selasa, 31 Maret 2026",SEMARANG,VUB BP SEMARANG (SEMARANG),116.554,"32,56","32,56","  3.794.998,24 ","  37.949,98 ",,,"1.900.000,00","1.722.048,26","0,098","0,00","0,00","0,00",-,"35.000,00","35.000,00",Sudah dibayar 15 Juni 26,"0,00",-,,,"100.000,00",Sudah dibayar 3 April 26 5 rit,,,"Mas Mawan 10 rit (5 rit putih, 5 rit hijau)",,
84,"Jumat, 3 April 2026","Sabtu, 4 April 2026",MAGELANG,MIWA JAYA ABADI (MAGELANG),196.733,"33,44","33,44","  6.578.760,88 ","  65.787,61 ",,,"3.200.000,00","3.112.973,27","0,100","0,00","0,00","0,00",-,"50.000,00","100.000,00",Sudah dibayar 15 Juni 26,"0,00",-,,,"100.000,00",Sudah dibayar 8 Mei 26 10 rit,,,,,
85,"Selasa, 7 April 2026","Minggu, 12 April 2026",UNGARAN,APB BP BAWEN / TOL JBW SEC 6 (BAWEN),190.080,"35,48","35,48","  6.744.038,40 ","  67.440,38 ",,,"2.800.000,00","3.576.598,02","0,106","0,00","0,00","0,00",-,"50.000,00","200.000,00",Sudah dibayar 15 Juni 26,"0,00",-,"100.000,00",Sudah dibayar 12 Mei 26,"100.000,00",Sudah dibayar 8 Mei 26 10 rit,,,"Lebih 10kg, 35.48 jadi 35.49",,
86,"Rabu, 15 April 2026","Kamis, 16 April 2026",SRAGEN,SUPERIOR PRIMA SUKSES (SRAGEN),126.386,"34,84","34,84","  4.403.288,24 ","  44.032,88 ",,,"2.250.000,00","1.859.255,36","0,105","0,00","0,00","0,00",-,"50.000,00","150.000,00",Sudah dibayar 15 Juni 26,"0,00",-,"100.000,00",Sudah dibayar 12 Mei 26,"100.000,00",Sudah dibayar 8 Mei 26 10 rit,,,"Lebih 10kg, 35.48 jadi 35.49",,
87,"Kamis, 16 April 2026","Sabtu, 18 April 2026",SEMARANG,JIANHUA PRECAST (SAYUNG),116.554,"33,84","33,72","  3.930.200,88 ","  39.302,01 ",,,"1.900.000,00","1.820.898,87","0,102","0,12","18.480,00","9.240,00",15 Juni 2026,"35.000,00","70.000,00",Sudah dibayar 15 Juni 26,"0,00",-,"100.000,00",Sudah dibayar 12 Mei 26,"100.000,00",Sudah dibayar 8 Mei 26 10 rit,,,"Kurang 120kg, 33.84 jadi 33.72",,
88,"Sabtu, 18 April 2026","Rabu, 22 April 2026",MAGELANG,MIWA JAYA ABADI (MAGELANG),196.733,"34,58","34,58","  6.803.036,82 ","  68.030,37 ",,,"3.200.000,00","3.185.006,45","0,104","0,00","0,00","0,00",-,"50.000,00","150.000,00",Sudah dibayar 15 Juni 26,"100.000,00",Sudah dibayar 23 April 26,"100.000,00",Sudah dibayar 12 Mei 26,"100.000,00",Sudah dibayar 8 Mei 26 10 rit,,,,,
89,"Kamis, 23 April 2026","Minggu, 26 April 2026",SALATIGA,TRIPILAR BETON MAS (SALATIGA),166.925,"33,56","33,34","  5.565.279,50 ","  55.652,80 ",,,"2.900.000,00","2.359.626,71","0,101","0,22","119.320,00","59.660,00",15 Juni 2026,"50.000,00","100.000,00",Sudah dibayar 15 Juni 26,"50.000,00",Sudah dibayar 27 April 26,"100.000,00",Sudah dibayar 12 Mei 26,"100.000,00",Sudah dibayar 8 Mei 26 10 rit,,,"Kurang 220kg, 33.56 jadi 33.34",,
90,"Senin, 27 April 2026","Selasa, 28 April 2026",UNGARAN,JATI KENCANA BETON (UNGARAN),190.080,"32,76","32,68","  6.211.814,40 ","  62.118,14 ",,,"2.800.000,00","3.199.696,26","0,098","0,08","0,00","0,00",-,"50.000,00","50.000,00",Sudah dibayar 15 Juni 26,"0,00",-,"100.000,00",Sudah dibayar 12 Mei 26,"100.000,00",Sudah dibayar 8 Mei 26 10 rit,,,"Lebih 10kg, 35.48 jadi 35.49",,
91,"Rabu, 29 April 2026","Jumat, 1 Mei 2026",UNGARAN,APB BP BAWEN / TOL JBW SEC 6 (BAWEN),190.080,"34,50","34,26","  6.512.140,80 ","  65.121,41 ",,,"2.800.000,00","3.347.019,39","0,104","0,24","136.500,00","68.250,00",15 Juni 2026,"50.000,00","150.000,00",Sudah dibayar 15 Juni 26,"50.000,00",Sudah dibayar 3 Mei 26,"100.000,00",Sudah dibayar 12 Mei 26,"100.000,00",Sudah dibayar 8 Mei 26 10 rit,,,"Kurang 220kg, 33.56 jadi 33.34",,
92,"Sabtu, 2 Mei 2026","Senin, 4 Mei 2026",MAGELANG,MIWA JAYA ABADI (MAGELANG),196.733,"34,32","34,32","  6.751.886,17 ","  67.518,86 ",,,"3.200.000,00","3.234.367,31","0,103","0,00","0,00","0,00",-,"50.000,00","150.000,00",Sudah dibayar 15 Juni 26,"0,00",-,"100.000,00",Sudah dibayar 12 Mei 26,"100.000,00",Sudah dibayar 8 Mei 26 10 rit,,,,,
93,"Selasa, 5 Mei 2026","Jumat, 8 Mei 2026",UNGARAN,APB BP BAWEN / TOL JBW SEC 6 (BAWEN),190.080,"34,58","34,58","  6.572.966,40 ","  65.729,66 ",,,"2.800.000,00","3.407.236,74","0,104","0,00","0,00","0,00",-,"50.000,00","150.000,00",Sudah dibayar 15 Juni 26,"50.000,00",Sudah dibayar 9 Mei 26,"100.000,00",Sudah dibayar 12 Mei 26,"100.000,00",Sudah dibayar 8 Mei 26 10 rit,,,"Lebih 150kg, 34.58 jadi 34.73, Do Putih Hijau diambil 10+10rit (ambil cash 1 juta+ bayar ban 1 juta)",,
94,"Sabtu, 9 Mei 2026","Minggu, 10 Mei 2026",MAGELANG,MIWA JAYA ABADI (MAGELANG),196.733,"35,52","35,50","  6.984.031,44 ","  69.840,31 ",,,"3.200.000,00","3.414.191,13","0,107","0,02","0,00","0,00",-,"50.000,00","200.000,00",Sudah dibayar 15 Juni 26,"0,00",-,"100.000,00",Sudah dibayar 12 Mei 26,"100.000,00",Sudah dibayar 29 Mei 26 8 rit,,,"Kurang 20kg, 35.52 jadi 35.50. Tab Yono bayar Bando 1juta",,
95,"Selasa, 12 Mei 2026","Kamis, 14 Mei 2026",MAGELANG,MIWA JAYA ABADI (MAGELANG),196.733,"33,14","33,13","  6.517.773,57 ","  65.177,74 ",,,"3.200.000,00","3.052.595,83","0,099","0,01","0,00","0,00",-,"50.000,00","100.000,00",Sudah dibayar 15 Juni 26,"0,00",-,-,-,"100.000,00",Sudah dibayar 29 Mei 26 8 rit,,,"Kurang 10kg, 33.14 jadi 33.13",,
96,"Jumat, 15 Mei 2026","Selasa, 19 Mei 2026",MAGELANG,MIWA JAYA ABADI (MAGELANG),196.733,"33,46","33,46","  6.582.695,55 ","  65.826,96 ",,,"3.200.000,00","3.016.868,59","0,100","0,00","0,00","0,00",-,"50.000,00","100.000,00",Sudah dibayar 15 Juni 26,"100.000,00",Sudah dibayar 20 Mei 26,-,-,"100.000,00",Sudah dibayar 29 Mei 26 8 rit,,,,,
97,"Rabu, 20 Mei 2026","Jumat, 22 Mei 2026",MAGELANG,MIWA JAYA ABADI (MAGELANG),196.733,"31,24","31,20","  6.138.078,34 ","  61.380,78 ",,,"3.200.000,00","2.726.697,55","0,094","0,04","0,00","0,00",-,"50.000,00","0,00",Sudah dibayar 15 Juni 26,"50.000,00",Sudah dibayar 23 Mei 26,-,-,"100.000,00",Sudah dibayar 29 Mei 26 8 rit,,,"Kurang 40kg, 31.24 jadi 31.2",,
98,"Sabtu, 23 Mei 2026","Selasa, 26 Mei 2026",MAGELANG,MIWA JAYA ABADI (MAGELANG),196.733,"35,98","35,87","  7.056.822,75 ","  70.568,23 ",,,"3.200.000,00","3.386.254,53","0,108","0,11","2.060,00","1.030,00",15 Juni 2026,"50.000,00","250.000,00",Sudah dibayar 15 Juni 26,"50.000,00",Sudah dibayar 31 Mei 26,"100.000,00",Sudah dibayar 15 Juni 26,"100.000,00",Sudah dibayar 29 Mei 26 8 rit,,,"Kurang 40kg, 35.98 jadi 35.87. Do Putih 5 + Hijau 3 rit (800rb)",,
99,"Minggu, 31 Mei 2026","Selasa, 2 Juni 2026",UNGARAN,JATI KENCANA BETON (UNGARAN),190.080,"34,46","34,07","  6.476.025,60 ","  64.760,26 ",,,"2.800.000,00","3.167.955,34","0,103","0,39","286.620,00","143.310,00",15 Juni 2026,"50.000,00","150.000,00",Sudah dibayar 15 Juni 26,"50.000,00",Sudah dibayar 5 Juni 26,"100.000,00",Sudah dibayar 15 Juni 26,"100.000,00",Disimpan,,,"Kurang 390kg, 34.46 jadi 34.07",,
100,"Jumat, 5 Juni 2026","Sabtu, 6 Juni 2026",SEMARANG,JIANHUA PRECAST (SAYUNG),116.554,"31,36","31,15","  3.630.657,10 ","  36.306,57 ",,,"1.900.000,00","1.536.390,53","0,094","0,21","115.920,00","57.960,00",15 Juni 2026,"35.000,00","0,00",Sudah dibayar 15 Juni 26,"0,00",-,"100.000,00",Sudah dibayar 15 Juni 26,"100.000,00",Disimpan,,,"Kurang 210kg, 31.36 jadi 31.15",,
101,"Senin, 8 Juni 2026","Selasa, 9 Juni 2026",SEMARANG,JIANHUA PRECAST (SAYUNG),116.554,"33,34","33,06","  3.853.275,24 ","  38.532,75 ",,,"1.900.000,00","1.654.752,49","0,100","0,28","179.980,00","89.990,00",15 Juni 2026,"35.000,00","70.000,00",Sudah dibayar 15 Juni 26,"0,00",-,Lupa Potong,Sudah dibayar 15 Juni 26,"100.000,00",Disimpan,,,"Kurang 280kg, 33.34 jadi 33.06",,
102,"Rabu, 10 Juni 2026","Kamis, 11 Juni 2026",UNGARAN,KH BETON (UNGARAN),190.080,"35,26","35,16","  6.683.212,80 ","  66.832,13 ",,,"2.800.000,00","3.516.380,67","0,106","0,10","0,00","0,00",-,"50.000,00","200.000,00",Sudah dibayar 15 Juni 26,"0,00",-,"100.000,00",Sudah dibayar 15 Juni 26,"100.000,00",Disimpan,,,"Kurang 100kg, 35.26 jadi 35.16","101,88","68,12"
103,"Sabtu, 13 Juni 2026","Senin, 15 Juni 2026",UNGARAN,APB BP BAWEN / TOL JBW SEC 6 (BAWEN),190.080,"35,50","35,49","  6.745.939,20 ","  67.459,39 ",,,"2.800.000,00","3.528.479,81","0,107","0,01","0,00","0,00",-,"50.000,00","200.000,00",Sudah dibayar 15 Juni 26,"50.000,00",Sudah dibayar 18 Juni 26,"100.000,00",Sudah dibayar 15 Juni 26,"100.000,00",Disimpan,,,"Tgl 15 Juni 26, Insentif 2.575.000, klaim 1.097.820, Tab 500.000",,
104,"Kamis, 18 Juni 2026","Jumat, 19 Juni 2026",SEMARANG,JIANHUA PRECAST (SAYUNG),116.554,"31,00","31,00","  3.613.174,00 ","  36.131,74 ",,,"1.900.000,00","1.577.042,26","0,093","0,00","0,00","0,00",-,"35.000,00","0,00",Sudah dibayar 15 Juli 26,"0,00",-,"100.000,00",Sudah dibayar 15 Juli 26,"100.000,00",Disimpan,,,"Lebih 90kg, 31 jadi 31.90",,
105,"Rabu, 24 Juni 2026","Jumat, 26 Juni 2026",UNGARAN,JATI KENCANA BETON (UNGARAN),190.080,"34,92","34,60","  6.576.768,00 ","  65.767,68 ",,,"2.800.000,00","3.303.380,32","0,105","0,32","215.240,00","107.620,00",15 Juli 2026,"50.000,00","150.000,00",Sudah dibayar 15 Juli 26,"50.000,00",Sudah dibayar 27 Juni 26,"100.000,00",Sudah dibayar 15 Juli 26,"100.000,00",Disimpan,,,"Kurang 390kg, 34.46 jadi 34.07",,
106,"Sabtu, 27 Juni 2026","Selasa, 30 Juni 2026",SEMARANG,ARIES PUTRA BETON (SEMARANG),116.554,"34,64","34,64","  4.037.430,56 ","  40.374,31 ",,,"2.000.000,00","1.777.056,25","0,104","0,00","0,00","0,00",-,"35.000,00","70.000,00",Sudah dibayar 15 Juli 26,"50.000,00",Sudah dibayar 1 Juli 26,"100.000,00",Sudah dibayar 15 Juli 26,"100.000,00",Disimpan,,,"Tgl 15 Juli 26, Insentif 480.000, klaim 258.800, Tab 300.000 Total 521.200",,
107,"Rabu, 1 Juli 2026","Kamis, 2 Juli 2026",LAMONGAN,SUPERIOR PRIMA SUKSES (LAMONGAN),133.224,"33,02","33,02","  4.399.056,48 ",,,"  115.000,00 ","2.300.000,00","1.804.056,48","0,099","0,00","0,00","0,00",-,"40.000,00","80.000,00",Sudah dibayar 15 Juli 26,"0,00",-,Tidak potong,-,"100.000,00",Disimpan,,,Potongan LJU belum dipotong ,,
108,"Selasa, 7 Juli 2026","Rabu, 8 Juli 2026",BOJONEGORO,EDOMIX KIRUN TANGGUH (BOJONEGORO),82.906,"33,82","33,82","  2.803.880,92 ","  28.038,81 ",,,"1.250.000,00","1.385.842,11","0,101","0,00","0,00","0,00",-,"20.000,00","40.000,00",Sudah dibayar 15 Juli 26,"0,00",-,Tidak potong,-,"100.000,00",Disimpan,,,,,
109,"Kamis, 9 Juli 2026","Jumat, 10 Juli 2026",SEMARANG,JIANHUA PRECAST (SAYUNG),116.554,"35,88","35,47","  4.134.170,38 ","  41.341,70 ",,,"1.900.000,00","1.801.648,68","0,108","0,41","302.360,00","151.180,00",15 Juli 2026,"35.000,00","140.000,00",Sudah dibayar 15 Juli 26,"0,00",-,Tidak potong,-,"100.000,00",Disimpan,,,"Kurang 410kg, 35.88 jadi 35.47",,
110,"Rabu, 15 Juli 2026","Kamis, 16 Juli 2026",SEMARANG,INAX (SEMARANG),116.554,"34,54","33,96","  3.958.173,84 ","  39.581,74 ",,,"2.000.000,00","1.510.402,10","0,104","0,58","476.380,00","238.190,00",Belum Potong,"35.000,00","70.000,00",Disimpan,"0,00",-,Tidak potong,-,"100.000,00",Disimpan,,,,,
111,"Kamis, 16 Juli 2026","Sabtu, 18 Juli 2026",MAGELANG,MIWA JAYA ABADI (MAGELANG),196.733,"34,96","34,70","  6.826.644,82 ","  68.266,45 ",,,"3.200.000,00","3.230.818,37","0,105","0,26","155.120,00","77.560,00",Belum Potong,"50.000,00","150.000,00",Disimpan,"0,00",-,Tidak potong,-,"100.000,00",Disimpan,,,"Kurang 260kg, 34.96 jadi 34.74",,
112,"Senin, 20 Juli 2026","Selasa, 21 Juli 2026",SEMARANG,ARIES PUTRA BETON (SEMARANG),116.554,"36,74","36,74","  4.282.193,96 ","  42.821,94 ",,,"2.000.000,00","1.999.372,02","0,110","0,00","0,00","0,00",-,"35.000,00","140.000,00",Disimpan,"0,00",-,Tidak potong,-,"100.000,00",Disimpan,,,,,
113,"Kamis, 23 Juli 2026","Jumat, 24 Juli 2026",SEMARANG,VUB BP SEMARANG (SEMARANG),116.554,"38,64","38,64","  4.503.646,56 ","  45.036,47 ",,,"2.000.000,00","2.148.610,09","0,116","0,00","0,00","0,00",-,"35.000,00","210.000,00",Disimpan,"0,00",-,"100.000,00",Disimpan,"100.000,00",Disimpan,,,,,
114,"Minggu, 26 Juli 2026","Senin, 27 Juli 2026",SEMARANG,JATI KENCANA BETON (SEMARANG),116.554,"32,96","32,74","  3.815.977,96 ","  38.159,78 ",,,"2.000.000,00","1.617.258,18","0,099","0,22","121.120,00","60.560,00",Belum Potong,"35.000,00","0,00",Disimpan,"0,00",-,"100.000,00",Disimpan,"100.000,00",Disimpan,,,"Kurang 220kg, 32.96 jadi 32.74",,
115,"Selasa, 28 Juli 2026","Kamis, 30 Juli 2026",MAGELANG,MIWA JAYA ABADI MUNTILAN (MAGELANG),196.733,"31,44","31,44","  6.185.294,32 ","  61.852,94 ",,,"3.200.000,00","2.773.441,38","0,094","0,00","0,00","0,00",-,"50.000,00","0,00",Disimpan,"50.000,00",Sudah dibayar 5 Agst 26,Tidak potong,-,"100.000,00",Disimpan,,,,,
116,"Jumat, 31 Juli 2026","Senin, 3 Agustus 2026",SEMARANG,JIANHUA PRECAST (SAYUNG),116.554,"33,54","33,05","  3.852.109,70 ","  38.521,10 ",,,"1.900.000,00","1.548.898,60","0,101","0,49","389.380,00","194.690,00",Belum Potong,"35.000,00","70.000,00",Disimpan,"0,00",-,Tidak potong,-,"100.000,00",Disimpan,,,"Kurang 490kg, 33.54 jadi 33.05",,
117,"Selasa, 4 Agustus 2026","Kamis, 6 Agustus 2026",MAGELANG,MIWA JAYA ABADI (MAGELANG),196.733,"32,18","31,84","  6.263.987,64 ","  62.639,88 ",,,"3.200.000,00","2.779.617,76","0,097","0,34","243.460,00","121.730,00",Belum Potong,"50.000,00","0,00",Disimpan,"0,00",-,Tidak potong,-,"100.000,00",Disimpan,,,"Kurang 340kg, 32.18 jadi 31,84",,
118,"Jumat, 7 Agustus 2026","Sabtu, 8 Agustus 2026",BOJONEGORO,EDOMIX KIRUN TANGGUH (BOJONEGORO),82.906,"34,24","34,24","  2.838.701,44 ","  28.387,01 ",,,"1.250.000,00","1.400.314,43","0,103","0,00","0,00","0,00",-,"20.000,00","60.000,00",Disimpan,"0,00",-,Tidak potong,-,"100.000,00",Disimpan,,,,,
119,"Senin, 10 Agustus 2026","Selasa, 11 Agustus 2026",SEMARANG,VUB BP SEMARANG (SEMARANG),116.554,"31,38","31,38","  3.657.464,52 ","  36.574,65 ",,,"2.000.000,00","1.520.889,87","0,094","0,00","0,00","0,00",-,"35.000,00","0,00",Disimpan,"0,00",-,Tidak potong,-,"100.000,00",Disimpan,,,,,
120,"Kamis, 13 Agustus 2026","Selasa, 18 Agustus 2026",SEMARANG,ARIES PUTRA BETON (SEMARANG),116.554,"36,24","36,24","  4.223.916,96 ","  42.239,17 ",,,"2.000.000,00","1.791.677,79","0,109","0,00","0,00","0,00",-,"35.000,00","140.000,00",Disimpan,"150.000,00",Sudah dibayar 20 Agst 26,"100.000,00",Disimpan,"100.000,00",Disimpan,,,,,
121,"Kamis, 20 Agustus 2026","Minggu, 23 Agustus 2026",SALATIGA,TRIPILAR BETON MAS (SALATIGA),177.561,"33,36","33,02","  5.863.064,22 ","  58.630,64 ",,,"3.000.000,00","2.554.433,58","0,100","0,34","239.920,00","119.960,00",Belum Potong,"50.000,00","100.000,00",Disimpan,"50.000,00",Sudah dibayar 26 Agst 26,Tidak potong,-,"100.000,00",Disimpan,,,"Kurang 1.720kg, 33.36 jadi 31.64, dibantu proses muatan slatiga berikutnya",,
122,"Selasa, 25 Agustus 2026","Kamis, 27 Agustus 2026",SALATIGA,TRIPILAR BETON MAS (SALATIGA),177.561,"35,24","35,24","  6.257.249,64 ","  62.572,50 ",,,"3.000.000,00","2.894.677,14","0,106","0,00","0,00","0,00",-,"50.000,00","200.000,00",Disimpan,"0,00",-,Tidak potong,-,"100.000,00",Disimpan,,,"Lebih 1.380kg, 35.36 jadi 36.62 untuk proses minus Salatiga 1.7ton",,
123,"Jumat, 28 Agustus 2026","Senin, 31 Agustus 2026",SALATIGA,TRIPILAR BETON MAS (SALATIGA),177.561,"35,36","34,82","  6.182.674,02 ","  61.826,74 ",,,"3.000.000,00","2.820.847,28","0,106","0,54","433.920,00","216.960,00",Belum Potong,"50.000,00","150.000,00",Disimpan,"50.000,00",Sudah dibayar 2 Spt 26,Tidak potong,-,"100.000,00",Disimpan,,,"Kurang 540kg, 35.36 jadi 34.82",,
124,"Rabu, 2 September 2026","Jumat, 4 September 2026",TRIPILAR (REMBANG SALATIGA),TRIPILAR BETON MAS (SALATIGA),153.791,"32,24","32,10","  4.936.691,10 ","  49.366,91 ",,,"2.600.000,00","2.070.684,19","0,097","0,14","43.280,00","21.640,00",Belum Potong,"45.000,00","45.000,00",Disimpan,"50.000,00",Sudah dibayar 5 Spt 26,Tidak potong,-,"100.000,00",Disimpan,,,"Kurang 140kg, 32.24 jadi 32,1",,
125,"Sabtu, 5 September 2026","Minggu, 6 September 2026",TRIPILAR (REMBANG SALATIGA),TRIPILAR BETON MAS (SALATIGA),153.791,"32,38","32,38","  4.979.752,58 ","  49.797,53 ",,,"2.600.000,00","2.184.955,05","0,097","0,00","0,00","0,00",-,"45.000,00","45.000,00",Disimpan,"0,00",-,Tidak potong,-,"100.000,00",Disimpan,,,"Lebih 200kg, 32,38 jadi 32,58",,
126,"Senin, 7 September 2026","Selasa, 8 September 2026",TRIPILAR (REMBANG SALATIGA),TRIPILAR BETON MAS (SALATIGA),153.791,"34,80","34,80","  5.351.926,80 ","  53.519,27 ",,,"2.600.000,00","2.413.407,53","0,104","0,00","0,00","0,00",-,"45.000,00","135.000,00",Disimpan,"50.000,00",Sudah dibayar 10 Spt 26,Tidak potong,-,"100.000,00",Disimpan,,,"Lebih 60kg, 34.80 jadi 34.86",,
127,"Kamis, 10 September 2026","Jumat, 11 September 2026",TRIPILAR (REMBANG SALATIGA),TRIPILAR BETON MAS (SALATIGA),153.791,"33,66","33,66","  5.176.605,06 ","  51.766,05 ",,,"2.600.000,00","2.334.839,01","0,101","0,00","0,00","0,00",-,"45.000,00","90.000,00",Disimpan,"0,00",-,Tidak potong,-,"100.000,00",Disimpan,,,"Lebih 180kg, 33,66 jadi 33,84",,
128,"Sabtu, 12 September 2026",,TRIPILAR (REMBANG SALATIGA),TRIPILAR BETON MAS (SALATIGA),153.791,"32,58","32,58","  5.010.510,78 ","  50.105,11 ",,,"2.600.000,00","2.170.405,67","0,098","0,00","0,00","0,00",-,"45.000,00","90.000,00",Disimpan,"0,00",-,Tidak potong,-,"100.000,00",Disimpan,,,"Lebih 180kg, 33,66 jadi 33,84",,
,,,,,,,,,,,,,,,,,,,,,,,,,,,,,,,,
,,,,,,,"4.313,18","643.754.231,83","5.060.621,78",,,"302.024.000,00","306.705.180,04",,,"4.815.820,00","2.049.350,00","692.730,00",,"12.435.000,00","1.695.000,00","2.100.000,00","0,00","2.100.000,00","300.000,00","12.800.000,00","3.000.000,00","1.400.000,00","0,00",,,"1257,56"
,,,,,,,,,,,,,,,,,klaim 805.530+2.060 HWT sudah (April Mei),,,,,,,Tab diambil untuk Bando variasi 1 juta,,,,,,,,
,Bagi Hasil 25 Jul-31 Agu 2025,,,,,,Profit Mas Dhian,,,,,,,,,,Yono belum potong smp juni,,,,5740000,,,Tab 12 Mei 26 bayar Bando,,,,,,,,
,Pemasukkan ,,"25.600.611,51",,,,"15.131.694,33",,,,,Bulan ,Pemasukkan ,Pengeluaran ,Profit,,Sudah potong smp 15 juni 2 juta,,,Pinjam,300.000,,,,,,,,,,,
,Pengeluaran 25 Jul-31 Agu,,"8.496.400,00",,,,,,,,,Juni,"8.566.773,66",,,,,,,Cat Bumper,200.000,,,,,,,,,,,
,Komisi Hafidz ,,"500.000,00",,,,,,,,,Juli,"20.786.258,44","6.610.600,00","14.175.658,44",,,,,Mas Yono,5240000,Sudah di TF 17 MARET 26,,,,,,,,,,
,Pembagian 50jt/580jt,"0,08620689655","16.604.211,51",OK Deal,,,,,,130500000,,Agustus,"20.762.471,45","6.440.900,00","14.321.571,45",,,,,,,,,,,,,,,,,
,,,"1.431.397,54",,,,,,,,,September,"23.302.092,13","7.551.152,00","15.750.940,13",,,,,,,,,,,,,,,,,
,Pembagian 50jt/600jt,"0,08333333333","16.604.211,51",,,,,,,,,Oktober,"26.479.815,89","12.600.977,01","13.878.838,88",,,,,,,,,,,,,,,,,
,,,"1.383.684,29",,,,,,,,,November,"21.092.644,88","5.000.000,00","16.092.644,88",,,,,,,,,,,,,,,,,
,Profit Hafidz 50/580,,"13.741.416,42",,,,,,,,,Desember,"21.096.046,32","4.974.539,00","16.121.507,32",,,,,,,,,,,,,,,,,
,Profit Hafidz 50/600,,"13.836.842,92",,,,,,,,,Januari,"18.505.586,66","7.668.600,00","10.836.986,66",,,,,,,,,,,,,,,,,
,,,,,,,,,,,,Februari,"21.465.748,87","10.702.600,00","10.763.148,87",,,,,,,,,,,,,,,,,
,,,,,,,,,,,,Maret ,"13.129.920,74","4.725.600,00","8.404.320,74",,,,,,,,,,,,,,,,,
,,,,,,,,,,,,April,"22.461.074,33","2.773.600,00","19.687.474,33",Klaim ,"Rp805.530,00",,,,,,,,,,,,,,,
,,,,,,,,,,,,Mei,"22.238.211,67","12.058.600,00","10.179.611,67",Klaim,"Rp2.060,00",,,,,,,,,,,,,,,
,,,,,,,,,,,,Juni,"20.061.437,68","5.000.000,00","15.061.437,68",Klaim Sudah Masuk Rumus,,,,,,,,,,,,,,,,
,,,,,,,,,,,,Juli,"19.820.348,01","13.631.840,00","6.188.508,01",,,,,,,,,,,,,,,,,
,,,,,,,,,,,,Agustus,"15.762.457,85","2.523.600,00","13.238.857,85",,,,,,,,,,,,,,,,,
,SIMULASI,,,,,,,,,,,September ,"11.174.291,46",,"11.174.291,46",,,,,,,,,,,,,,,,,
,,,,,,,,,,,,,,,,,,,,,,,,,,,,,,,,
,,,,,,,,,,,,,,,,,,,,,,,,,,,,,,,,
,Pemasukkan ,,"20.000.000,00",,,,,,,,,,"306.705.180,04","102.262.608,01","195.875.798,37",,,,,,,,,,,,,,,,,
,Pengeluaran,,"5.000.000,00",,,,,,,,,,,,,13631840,,,,,,,,,,,,,,,,
,,,"15.000.000,00",,,,,,,,,,,,,,,,,,,,,,,,,,,,,
,Komisi Hafidz ,5%,"750.000,00",,,,,,,,,,,,,,,,,,,,,,,,,,,,,
,Pembagian 50jt/580jt,"0,08620689655","14.250.000,00","15.000.000,00",Tanpa Profit Hafidz,,,,,,,,,,,,,,,,,,,,,,,,,,,
,,,"1.228.448,28","1.293.103,45",,,,,,,,,,,,,,,,,,,,,,,,,,,,
,Pembagian 75jt/580jt,"0,1293103448","14.250.000,00","15.000.000,00",,,,,,,,,,,,,,,,,,,,,,,,,,,,
,,,"1.842.672,41","1.939.655,17",,,,,,,,,,,,,,,,,,,,,,,,,,,,
,Pembagian 4jt/580jt,"0,006896551724","14.250.000,00","15.000.000,00",,,,,,,,,,,,,,,,,,,,,,,,,,,,
,,,"98.275,86","103.448,28",,,,,,,,,,,,,,,,,,,,,,,,,,,,
,Profit Hafidz,,"11.694.827,59","12.310.344,83",,,,,,,,,,,,,,,,,,,,,,,,,,,,
,,,,,,,,,,,,,,,,,,,,,,,,,,,,,,,,
,,,,,,,,,,,,,,,,,,,,,,,,,,,,,,,,
,Bagi Hasil 1-30 Sep 2025,,,,,,,,,,,,,,,,,,,,,,,,,,,,,,,
,Pemasukkan ,,"23.302.092,13",,,,,,,,,,,,,,,,,,,,,,,,,,,,,
,Pengeluaran 1-31 Sep 2025,,"7.429.052,00",,,,,,,,,,,,,,,,,,,,,,,,,,,,,
,,,"15.873.040,13",,,,,,,,,,,,,,,,,,,,,,,,,,,,,
,Komisi Hafidz ,5%,"793.652,01",,,,,,,,,,,,,,,,,,,,,,,,,,,,,
,Alfiah Richi 50jt/580jt,"0,08620689655","15.079.388,12",,,,,,,,,,,,,,,,,,,,,,,,,,,,,
,,,"1.299.947,25",,,,,,,,,,,,,,,,,,,,,,,,,,,,,
,Mas Dhian 75jt/580jt,"0,1293103448","15.079.388,12",,,,,,,,,,,,,,,,,,,,,,,,,,,,,
,,,"1.949.920,88",,,,,,,,,,,,,,,,,,,,,,,,,,,,,
,Hadid,,,,,,,,,,,,,,,,,,,,,,,,,,,,,,,
,Pemasukkan 25-30 Sep 2025,,"3.810.598,98",,,,,,,,,,,,,,,,,,,,,,,,,,,,,
,Pengeluaran 25-30 Sep 2025,,"680.000,00",,,,,,,,,,,,,,,,,,,,,,,,,,,,,
,,,"3.130.598,98",,,,,,,,,,,,,,,,,,,,,,,,,,,,,
,Komisi Hafidz ,5%,"156.529,95",,,,,,,,,,,,,,,,,,,,,,,,,,,,,
,Hadid 4jt/580jt,"0,006896551724","2.974.069,03",,,,,,,,,,,,,,,,,,,,,,,,,,,,,
,,,"20.510,82",,,,,,,,,,,,,,,,,,,,,,,,,,,,,
,Profit Hafidz,,"11.809.009,17",,,,,,,,,,,,,,,,,,,,,,,,,,,,,
,Profit+Komisi,,"12.602.661,18",,,,,,,,,,,,,,,,,,,,,,,,,,,,,
,Koreksi Profit Total,,"15.873.040,13",,,,,,,,,,,,,,,,,,,,,,,,,,,,,
,,,,,,,,,,,,,,,,,,,,,,,,,,,,,,,,
,,,,,,,,,,,,,,,,,,,,,,,,,,,,,,,,
,Revisi Bagi Hasil 1-30 Sep 2025,,,,,,,,,,,,,,,,,,,,,,,,,,,,,,,
,Pemasukkan ,,"23.302.092,13",,,,,,,,,,,,,,,,,,,,,,,,,,,,,
,Pengeluaran 1-31 Sep 2025,,"7.551.152,00",,,,,,,,,,,,,,,,,,,,,,,,,,,,,
,,,"15.750.940,13",,,,,,,,,,,,,,,,,,,,,,,,,,,,,
,Komisi Hafidz ,5%,"787.547,01",,,,,,,,,,,,,,,,,,,,,,,,,,,,,
,Alfiah Richi 50jt/580jt,"0,08620689655","14.963.393,12",Revisi Sep,,,,,,,,,,,,,,,,,,,,,,,,,,,,
,,,"1.289.947,68","9.999,57",,,,,,,,,,,,,,,,,,,,,,,,,,,,
,Mas Dhian 75jt/580jt,"0,1293103448","14.963.393,12",,,,,,,,,,,,,,,,,,,,,,,,,,,,,
,,,"1.934.921,52","14.999,35",,,,,,,,,,,,,,,,,,,,,,,,,,,,
,Hadid,,,,,,,,,,,,,,,,,,,,,,,,,,,,,,,
,Pemasukkan 25-30 Sep 2025,,"3.810.598,98",,,,,,,,,,,,,,,,,,,,,,,,,,,,,
,Pengeluaran 25-30 Sep 2025,,"680.000,00",,,,,,,,,,,,,,,,,,,,,,,,,,,,,
,,,"3.130.598,98",,,,,,,,,,,,,,,,,,,,,,,,,,,,,
,Komisi Hafidz ,5%,"156.529,95",,,,,,,,,,,,,,,,,,,,,,,,,,,,,
,Hadid 4jt/580jt,"0,006896551724","2.974.069,03",,,,,,,,,,,,,,,,,,,,,,,,,,,,,
,,,"20.510,82",,,,,,,,,,,,,,,,,,,,,,,,,,,,,
,Profit Hafidz,,"11.718.013,09",,,,,,,,,,,,,,,,,,,,,,,,,,,,,
,Profit+Komisi,,"12.505.560,10",,,,,,,,,,,,,,,,,,,,,,,,,,,,,
,Koreksi Profit Total,,"15.750.940,13",,,,,,,,,,,,,,,,,,,,,,,,,,,,,
,,,,,,,,,,,,,,,,,,,,,,,,,,,,,,,,
,,,,,,,,,,,,,,,,,,,,,,,,,,,,,,,,
,Bagi Hasil 1-31 Okt 2025,,,,,,,,,,,,,,,,,,,,,,,,,,,,,,,
,Pemasukkan ,,"28.133.013,54",,,Revisi,"26.479.815,89",,,,,,,,,,,,,,,,,,,,,,,,,
,Pengeluaran 1-31 Okt 2025,,"12.600.977,01",,,,"12.600.977,01",,,,,,,,,,,,,,,,,,,,,,,,,
,,,"15.532.036,53",,,,"13.878.838,88",Revisi OKT ke 2,,,,,,,,,,,,,,,,,,,,,,,,
,Komisi Hafidz ,5%,"776.601,83",,,,"693.941,94","-82.659,88",,,,,,,,,,,,,,,,,,,,,,,,
,Alfiah Richi 50jt/580jt,"0,08620689655","14.755.434,70",Didapat (dikurangi Revisi Sep),,,"13.184.896,94",,,,,,,,,,,,,,,,,,,,,,,,,
,,,"1.272.020,23","1.262.020,66",,,"1.136.629,05","-125.391,62",,,,,,,,,,,,,,,,,,,,,,,,
,Mas Dhian 75jt/580jt,"0,1293103448","14.755.434,70",,,,"13.184.896,94",,,,,,,,,,,,,,,,,,,,,,,,,
,,,"1.908.030,35","1.893.031,00",,,"1.704.943,57","-188.087,43",,,,,,,,,,,,,,,,,,,,,,,,
,Hadid 4jt/580jt,"0,006896551724","14.755.434,70",,,,"13.184.896,94",,,,,,,,,,,,,,,,,,,,,,,,,
,,,"101.761,62",,,,"90.930,32","-10.831,29",,,,,,,,,,,,,,,,,,,,,,,,
,Profit Hafidz,,"11.473.622,50",,,,"10.252.394,00",,,,,,,,,,,,,,,,,,,,,,,,,
,Profit+Komisi,,"12.250.224,33",,,,"10.946.335,94",,,,,,,,,,,,,,,,,,,,,,,,,
,Koreksi Profit Total,,"15.532.036,53",,,,"13.878.838,88",,,,,,,,,,,,,,,,,,,,,,,,,
,,,,,,,,,,,,,,,,,,,,,,,,,,,,,,,,
,,,,,,,,,,,,,,,,,,,,,,,,,,,,,,,,
,Bagi Hasil 1-30 Nov 2025,,,,,,,,,,,,,,,,,,,,,,,,,,,,,,,
,Pemasukkan ,,"21.092.644,88",,Lebih,,Perbaikkan,,,,,,,,,,,,,,,,,,,,,,,,,
,Pengeluaran 1-30 Nov 2025,,"3.430.939,00","5.000.000,00",Deal,,"1.569.061,00",,,,,,,,,,,,,,,,,,,,,,,,,
,,,"17.661.705,88","16.092.644,88",,,,,,,,,,,,,,,,,,,,,,,,,,,,
,Komisi Hafidz ,5%,"883.085,29","804.632,24",,,,,,,,,,,,,,,,,,,,,,,,,,,,
,Alfiah Richi 50jt/580jt,"0,08620689655","16.778.620,58","15.288.012,63",,,,,,,,,,,,,,,,,,,,,,,,,,,,
,,,"1.446.432,81","1.317.932,12",,,,,,,,,,,,,,,,,,,,,,,,,,,,
,Mas Dhian 75jt/580jt,"0,1293103448","16.778.620,58","16.092.644,75",,,,,,,,,,,,,,,,,,,,,,,,,,,,
,,,"2.169.649,21","2.080.945,44",,,,,,,,,,,,,,,,,,,,,,,,,,,,
,Hadid 4jt/580jt,"0,006896551724","16.778.620,58","15.288.012,63",,,,,,,,,,,,,,,,,,,,,,,,,,,,
,,,"115.714,62","105.434,57",,,,,,,,,,,,,,,,,,,,,,,,,,,,
,Profit Hafidz,,"13.046.823,94","11.783.700,50",,,,,,,,,,,,,,,,,,,,,,,,,,,,
,Profit+Komisi,,"13.929.909,23","12.588.332,74",,,,,,,,,,,,,,,,,,,,,,,,,,,,
,Koreksi Profit Total,,"17.661.705,88","16.092.644,88",,,,,,,,,,,,,,,,,,,,,,,,,,,,
,,,,,,,,,,,,,,,,,,,,,,,,,,,,,,,,
,,,,,,,,,,,,,,,,,,,,,,,,,,,,,,,,
,Bagi Hasil 1-31 Des 2025,,,Didapat Dikurangi,,,Revisi 4 Maret 26 (tidak revisi feb 26),,,,,,,,,,,,,,,,,,,,,,,,,
,Pemasukkan ,,"21.096.046,32",Revisi OKT ke 2,,,"21.096.046,32",Revisi OKT ke 2,,,,,,,,,,,,,,,,,,,,,,,,
,Pengeluaran 1-31 Des 2025,,"4.974.539,00",,,,"5.034.539,00",,,,,,,,,,,,,,,,,,,,,,,,,
,,,"16.121.507,32",,,,"16.061.507,32",,,,,,,,,,,,,,,,,,,,,,,,,
,Komisi Hafidz ,5%,"806.075,37",,,,"803.075,37",,,,,,,,,,,,,,,,,,,,,,,,,
,Alfiah Richi 50jt/580jt,"0,08620689655","15.315.431,96","-125.391,62",,,"15.258.431,96","-125.391,62",,,,,,,,,,,,,,,,,,,,,,,,
,,,"1.320.295,86","1.194.904,24",,,"1.315.382,07","1.189.990,45","4.913,79",,,,,,,,,,,,,,,,,,,,,,,
,Mas Dhian 75jt/580jt,"0,1293103448","15.315.431,96","-188.087,43",,,"15.258.431,96","-188.087,43",,,,,,,,,,,,,,,,,,,,,,,,
,,,"1.980.443,79","1.792.356,36",,,"1.973.073,10","1.784.985,67","7.370,69",,,,,,,,,,,,,,,,,,,,,,,
,Hadid 9jt/580jt,"0,01551724138","15.315.431,96","-10.831,29",,,"15.258.431,96","-10.831,29",,,,,,,,,,,,,,,,,,,,,,,,
,,,"237.653,25","226.821,96",,,"236.768,77","225.937,48","884,48",,,,,,,,,,,,,,,,,,,,,,,
,Profit Hafidz,,"11.777.039,06",,,,"11.733.208,02",,,,,,,,,,,,,,,,,,,,,,,,,
,Profit+Komisi,,"12.583.114,42",,,,"12.536.283,39",,,,,,,,,,,,,,,,,,,,,,,,,
,Koreksi Profit Total,,"16.121.507,32",,,,"16.061.507,32",,,,,,,,,,,,,,,,,,,,,,,,,
,,,,,,,,,,,,,,,,,,,,,,,,,,,,,,,,
,,,,,,,,,,,,,,,,,,,,,,,,,,,,,,,,
,Bagi Hasil 1-31 Jan 2026,,,,,,,,,,,,,,,,,,,,,,,,,,,,,,,
,Pemasukkan ,,"18.505.586,66",,,,,,,,,,,,,,,,,,,,,,,,,,,,,
,Pengeluaran 1-31 Jan 2026,,"7.668.600,00",,,,,,,,,,,,,,,,,,,,,,,,,,,,,
,,,"10.836.986,66",,,,,,,,,,,,,,,,,,,,,,,,,,,,,
,Komisi Hafidz ,5%,"541.849,33",,,,,,,,,,,,,,,,,,,,,,,,,,,,,
,Alfiah Richi 50jt/580jt,"0,08620689655","10.295.137,33",,,,,,,,,,,,,,,,,,,,,,,,,,,,,
,,,"887.511,84",,,,,,,,,,,,,,,,,,,,,,,,,,,,,
,Mas Dhian 75jt/580jt,"0,1293103448","10.295.137,33",,,,,,,,,,,,,,,,,,,,,,,,,,,,,
,,,"1.331.267,76",,,,,,,,,,,,,,,,,,,,,,,,,,,,,
,Hadid 9jt/580jt,"0,01551724138","10.295.137,33",,,,,,,,,,,,,,,,,,,,,,,,,,,,,
,,,"159.752,13",,,,,,,,,,,,,,,,,,,,,,,,,,,,,
,Profit Hafidz,,"7.916.605,60",,,,,,,,,,,,,,,,,,,,,,,,,,,,,
,Profit+Komisi,,"8.458.454,93",,,,,,,,,,,,,,,,,,,,,,,,,,,,,
,Koreksi Profit Total,,"10.836.986,66",,,,,,,,,,,,,,,,,,,,,,,,,,,,,
,,,,,,,,,,,,,,,,,,,,,,,,,,,,,,,,
,,,,,,,,,,,,,,,,,,,,,,,,,,,,,,,,
,Bagi Hasil 1-28 Feb 2026,,,,,,Revisi 3 April 26 (Tambah ke April),,,,,,,,,,,,,,,,,,,,,,,,,
,Pemasukkan ,,"21.413.658,88",,,,"21.465.748,87",,,,,,,,,,,,,,,,,,,,,,,,,
,Pengeluaran 1-28 Feb 2026,,"10.702.600,00",Klaim 629.000,,,"10.702.600,00",,,,,,,,,,,,,,,,,,,,,,,,,
,,,"10.711.058,88",,,,"10.763.148,87",,,,,,,,,,,,,,,,,,,,,,,,,
,Komisi Hafidz ,5%,"535.552,94",,,,"538.157,44",,,,,,,,,,,,,,,,,,,,,,,,,
,Alfiah Richi 50jt/580jt,"0,08620689655","10.175.505,94",,,,"10.224.991,43",,,,,,,,,,,,,,,,,,,,,,,,,
,,,"877.198,79",,,,"881.464,78","4.265,99",,,,,,,,,,,,,,,,,,,,,,,,
,Mas Dhian 75jt/580jt,"0,1293103448","10.175.505,94",,,,"10.224.991,43",,,,,,,,,,,,,,,,,,,,,,,,,
,,,"1.315.798,18",,,,"1.322.197,17","6.398,99",,,,,,,,,,,,,,,,,,,,,,,,
,Hadid 9jt/580jt,"0,01551724138","10.175.505,94",,,,"10.224.991,43",,,,,,,,,,,,,,,,,,,,,,,,,
,,,"157.895,78",,,,"158.663,66","767,88",,,,,,,,,,,,,,,,,,,,,,,,
,Profit Hafidz,,"7.824.613,19",,,,"7.862.665,82",,,,,,,,,,,,,,,,,,,,,,,,,
,Profit+Komisi,,"8.360.166,13",,,,"8.400.823,27",,,,,,,,,,,,,,,,,,,,,,,,,
,Koreksi Profit Total,,"10.711.058,88",,,,"10.763.148,87",,,,,,,,,,,,,,,,,,,,,,,,,
,,,,,,,,,,,,,,,,,,,,,,,,,,,,,,,,
,,,,,,,,,,,,,,,,,,,,,,,,,,,,,,,,
,Bagi Hasil 1-31 Mar 2026,,,Ditambah Revisi 3 April 26,,,,,,,,,,,,,,,,,,,,,,,,,,,,
,Pemasukkan ,,"13.129.920,74",,,,,,,,,,,,,,,,,,,,,,,,,,,,,
,Pengeluaran 1-31 Mar 2026,,"4.725.600,00",,,,,,,,,,,,,,,,,,,,,,,,,,,,,
,,,"8.404.320,74",,,,,,,,,,,,,,,,,,,,,,,,,,,,,
,Komisi Hafidz ,5%,"420.216,04",,,,,,,,,,,,,,,,,,,,,,,,,,,,,
,Alfiah Richi 50jt/580jt,"0,08620689655","7.984.104,70","4265,99",,,,,,,,,,,,,,,,,,,,,,,,,,,,
,,,"688.284,89","692.550,88",,,,,,,,,,,,,,,,,,,,,,,,,,,,
,Mas Dhian 75jt/580jt,"0,1293103448","7.984.104,70","6398,99",,,,,,,,,,,,,,,,,,,,,,,,,,,,
,,,"1.032.427,33","1.038.826,32",,,,,,,,,,,,,,,,,,,,,,,,,,,,
,Hadid 9jt/580jt,"0,01551724138","7.984.104,70","767,88",,,,,,,,,,,,,,,,,,,,,,,,,,,,
,,,"123.891,28","124.659,16",,,,,,,,,,,,,,,,,,,,,,,,,,,,
,Profit Hafidz,,"6.139.501,20",,,,,,,,,,,,,,,,,,,,,,,,,,,,,
,Profit+Komisi,,"6.559.717,24",,,,,,,,,,,,,,,,,,,,,,,,,,,,,
,Koreksi Profit Total,,"8.404.320,74",,,,,,,,,,,,,,,,,,,,,,,,,,,,,
,,,,,,,,,,,,,,,,,,,,,,,,,,,,,,,,
,,,,,,,,,,,,,,,,,,,,,,,,,,,,,,,,
,Bagi Hasil 1-30 Apr 2026,,,,,,,,,,,,,,,,,,,,,,,,,,,,,,,
,Pemasukkan ,,"22.461.074,33",,,,,,,,,,,,,,,,,,,,,,,,,,,,,
,Pengeluaran 1-30 Apr 2026,,"2.773.600,00",Klaim,,,,,,,,,,,,,,,,,,,,,,,,,,,,
,,,"18.881.944,33",805530,,,,,,,,,,,,,,,,,,,,,,,,,,,,
,Komisi Hafidz ,5%,"944.097,22",,,,,,,,,,,,,,,,,,,,,,,,,,,,,
,Alfiah Richi 50jt/580jt,"0,08620689655","17.937.847,11",,,,,,,,,,,,,,,,,,,,,,,,,,,,,
,,,"1.546.366,13",,,,,,,,,,,,,,,,,,,,,,,,,,,,,
,Mas Dhian 75jt/580jt,"0,1293103448","17.937.847,11",23 April 26 mas Dhian keluar 25juta,,,,,,,,,,,,,,,,,,,,,,,,,,,,
,,,"2.319.549,20",30 April 26 mas Dhian keluar 25juta sisa 25 juta,,,,,,,,,,,,,,,,,,,,,,,,,,,,
,Hadid 9jt/580jt,"0,01551724138","17.937.847,11",,,,,,,,,,,,,,,,,,,,,,,,,,,,,
,,,"278.345,90",,,,,,,,,,,,,,,,,,,,,,,,,,,,,
,Profit Hafidz,,"13.793.585,88",,,,,,,,,,,,,,,,,,,,,,,,,,,,,
,Profit+Komisi,,"14.737.683,10",,,,,,,,,,,,,,,,,,,,,,,,,,,,,
,Koreksi Profit Total,,"18.881.944,33",,,,,,,,,,,,,,,,,,,,,,,,,,,,,
,,,,,,,,,,,,,,,,,,,,,,,,,,,,,,,,
,Pemasukkan 1-23 Apr 2026 Mas Dhian,,,,,,,,,,,,,,,,,,,,,,,,,,,,,,,
,Pemasukkan ,,"15.914.358,68",,,,,,,,,,,,,,,,,,,,,,,,,,,,,
,Pengeluaran ,,"2.723.600,00",,,,,,,,,,,,,,,,,,,,,,,,,,,,,
,,,"12.513.138,68","677.620,00",,,,,,,,,,,,,,,,,,,,,,,,,,,,
,Komisi Hafidz ,5%,"625.656,93",,,,,,,,,,,,,,,,,,,,,,,,,,,,,
,Mas Dhian 75jt/580jt,"0,1293103448","11.887.481,74",,,,,,,,,,,,,,,,,,,,,,,,,,,,,
,,,"1.537.174,36",,,,,,,,,,,,,,,,,,,,,,,,,,,,,
,,,,,,,,,,,,,,,,,,,,,,,,,,,,,,,,
,Pemasukkan 24-30 Apr 2026 Mas Dhian,,,,,,,,,,,,,,,,,,,,,,,,,,,,,,,
,Pemasukkan ,,"6.546.715,65",,,,,,,,,,,,,,,,,,,,,,,,,,,,,
,Pengeluaran ,,"50.000,00",,,,,,,,,,,,,,,,,,,,,,,,,,,,,
,,,"6.368.805,65","127.910,00",,,,,,,,,,,,,,,,,,,,,,,,,,,,
,Komisi Hafidz ,5%,"318.440,28",,,,,,,,,,,,,,,,,,,,,,,,,,,,,
,Mas Dhian 50jt/580jt,"0,08620689655","6.050.365,37",,,,,,,,,,,,,,,,,,,,,,,,,,,,,
,,,"521.583,22",,,,,,,,,,,,,,,,,,,,,,,,,,,,,
,,Mas Dhian,Koreksi,,,,,,,,,,,,,,,,,,,,,,,,,,,,,
,,Pemasukkan,"22.461.074,33",,,,,,,,,,,,,,,,,,,,,,,,,,,,,
,,Pengeluaran ,"2.773.600,00",,,,,,,,,,,,,,,,,,,,,,,,,,,,,
,,Profit ,"2.058.757,58",Dapat,,,,,,,,,,,,,,,,,,,,,,,,,,,,
,,Klaim,"805.530,00",,,,,,,,,,,,,,,,,,,,,,,,,,,,,
,"2069232,973","2058757,585","10475,38793",,,,,,,,,,,,,,,,,,,,,,,,,,,,,
,,,,,,,,,,,,,,,,,,,,,,,,,,,,,,,,
,Bagi Hasil 1-31 Mei 2026,,,,,,,,,,,,,,,,,,,,,,,,,,,,,,,
,Pemasukkan ,,"22.238.211,67",,,,,,,,,,,,,,,,,,,,,,,,,,,,,
,Pengeluaran 1-31 Mei 2026,,"12.058.600,00",,,,,,,,,,,,,,,,,,,,,,,,,,,,,
,,,"10.177.551,67","Rp2.060,00",,,,,,,,,,,,,,,,,,,,,,,,,,,,
,Komisi Hafidz ,5%,"508.877,58",,,,,,,,,,,,,,,,,,,,,,,,,,,,,
,Alfiah Richi 50jt/580jt,"0,08620689655","9.668.674,09",,,,,,,,,,,,,,,,,,,,,,,,,,,,,
,,,"833.506,39",,,,,,,,,,,,,,,,,,,,,,,,,,,,,
,Mas Dhian 25jt/580jt,"0,04310344828","9.668.674,09",Koreksi April,,,,,,,,,,,,,,,,,,,,,,,,,,,,
,,,"416.753,19","406.277,81",,,,,,,,,,,,,,,,,,,,,,,,,,,,
,Hadid 12jt/580jt,"0,02068965517","9.668.674,09",,,,,,,,,,,,,,,,,,,,,,,,,,,,,
,,,"200.041,53",,,,,,,,,,,,,,,,,,,,,,,,,,,,,
,Profit Hafidz,,"8.218.372,98",,,,,,,,,,,,,,,,,,,,,,,,,,,,,
,Profit+Komisi,,"8.727.250,56",,,,,,,,,,,,,,,,,,,,,,,,,,,,,
,Koreksi Profit Total,,"10.177.551,67",,,,,,,,,,,,,,,,,,,,,,,,,,,,,
,,,,,,,,,,,,,,,,,,,,,,,,,,,,,,,,
,,,,,,,,,,,,,,,,,,,,,,,,,,,,,,,,
,Bagi Hasil 1-30 Juni 2026,,,,,,,,,,,,,,,,,,,,,,,,,,,,,,,
,Pemasukkan ,,"20.061.437,68",Deal,Lebih ,"3.541.400,00",,,,,,,,,,,,,,,,,,,,,,,,,,
,Pengeluaran 1-30 Juni 2026,,"1.458.600,00","5.000.000,00",,,,,,,,,,,,,,,,,,,,,,,,,,,,
,,,"18.602.837,68","15.061.437,68",,,,,,,,,,,,,,,,,,,,,,,,,,,,
,Komisi Hafidz ,5%,"930.141,88","753.071,88",,,,,,,,,,,,,,,,,,,,,,,,,,,,
,Alfiah Richi 50jt/580jt,"0,08620689655","17.672.695,79","14.308.365,79",,,,,,,,,,,,,,,,,,,,,,,,,,,,
,,,"1.523.508,26","1.233.479,81",,,,,,,,,,,,,,,,,,,,,,,,,,,,
,Mas Dhian 25jt/580jt,"0,04310344828","17.672.695,79","15.061.437,63",,,,,,,,,,,,,,,,,,,,,,,,,,,,
,,,"761.754,13","649.199,90",,,,,,,,,,,,,,,,,,,,,,,,,,,,
,Hadid 14.5jt/580jt,"0,025","17.672.695,79","14.308.365,79",,,,,,,,,,,,,,,,,,,,,,,,,,,,
,,,"441.817,39","357.709,14",,,,,,,,,,,,,,,,,,,,,,,,,,,,
,Profit Hafidz,,"14.945.616,01","12.067.976,94",,,,,,,,,,,,,,,,,,,,,,,,,,,,
,Profit+Komisi,,"15.875.757,89","12.821.048,82",,,,,,,,,,,,,,,,,,,,,,,,,,,,
,Koreksi Profit Total,,"18.602.837,68","15.061.437,68",,,,,,,,,,,,,,,,,,,,,,,,,,,,
,,,,,,,,,,,,,,,,,,,,,,,,,,,,,,,,
,,,,,,,,,,,,,,,,,,,,,,,,,,,,,,,,
,Bagi Hasil 1-31 Juli 2026,,,,,,,,,,,,,,,,,,,,,,,,,,,,,,,
,Pemasukkan ,,"19.820.348,01","Revisi sblm 19870348,014608",,,,,,,,,,,,,,,,,,,,,,,,,,,,
,Pengeluaran 1-31 Juli 2026,,"13.631.840,00",,,,,,,,,,,,,,,,,,,,,,,,,,,,,
,,,"6.188.508,01",,,,,,,,,,,,,,,,,,,,,,,,,,,,,
,Komisi Hafidz ,5%,"309.425,40",,,,,,,,,,,,,,,,,,,,,,,,,,,,,
,Alfiah Richi 50jt/580jt,"0,08620689655","5.879.082,61",,,,,,,,,,,,,,,,,,,,,,,,,,,,,
,,,"506.817,47",,,,,,,,,,,,,,,,,,,,,,,,,,,,,
,Mas Dhian 25jt/580jt,"0,04310344828","5.879.082,61",,,,,,,,,,,,,,,,,,,,,,,,,,,,,
,,,"253.408,73",,,,,,,,,,,,,,,,,,,,,,,,,,,,,
,Hadid 15jt/580jt,"0,02586206897","5.879.082,61",,,,,,,,,,,,,,,,,,,,,,,,,,,,,
,,,"152.045,24",,,,,,,,,,,,,,,,,,,,,,,,,,,,,
,Profit Hafidz,,"4.966.811,17",,,,,,,,,,,,,,,,,,,,,,,,,,,,,
,Profit+Komisi,,"5.276.236,57",,,,,,,,,,,,,,,,,,,,,,,,,,,,,
,Koreksi Profit Total,,"6.188.508,01",,,,,,,,,,,,,,,,,,,,,,,,,,,,,
,,,,,,,,,,,,,,,,,,,,,,,,,,,,,,,,
,,,,,,,,,,,,,,,,,,,,,,,,,,,,,,,,
,Bagi Hasil 1-31 Agustus 2026,,,,,,,,,,,,,,,,,,,,,,,,,,,,,,,
,Pemasukkan ,,"15.762.457,85",,,,,,,,,,,,,,,,,,,,,,,,,,,,,
,Pengeluaran 1-31 Agustus 2026,,"2.523.600,00",,,,,,,,,,,,,,,,,,,,,,,,,,,,,
,,,"13.238.857,85",,,,,,,,,,,,,,,,,,,,,,,,,,,,,
,Komisi Hafidz ,5%,"661.942,89",,,,,,,,,,,,,,,,,,,,,,,,,,,,,
,Alfiah Richi 50jt/580jt,"0,08620689655","12.576.914,96",,,,,,,,,,,,,,,,,,,,,,,,,,,,,
,,,"1.084.216,81",,,,,,,,,,,,,,,,,,,,,,,,,,,,,
,Hadid 18jt/580jt,"0,03103448276","12.576.914,96",,,,,,,,,,,,,,,,,,,,,,,,,,,,,
,,,"390.318,05",,,,,,,,,,,,,,,,,,,,,,,,,,,,,
,Profit Hafidz,,"11.102.380,10",,,,,,,,,,,,,,,,,,,,,,,,,,,,,
,Profit+Komisi,,"11.764.322,99",,,,,,,,,,,,,,,,,,,,,,,,,,,,,
,Koreksi Profit Total,,"13.238.857,85",,,,,,,,,,,,,,,,,,,,,,,,,,,,,
,,,,,,,,,,,,,,,,,,,,,,,,,,,,,,,,
,,,,,,,,,,,,,,,,,,,,,,,,,,,,,,,,
,Bagi Hasil 1-31 September 2026,,,,,,,,,,,,,,,,,,,,,,,,,,,,,,,
,Pemasukkan ,,"14.567.062,56",,,,,,,,,,,,,,,,,,,,,,,,,,,,,
,Pengeluaran 1-30 September 2026,,"2.523.600,00",,,,,,,,,,,,,,,,,,,,,,,,,,,,,
,,,"12.043.462,56",,,,,,,,,,,,,,,,,,,,,,,,,,,,,
,Komisi Hafidz ,5%,"602.173,13",,,,,,,,,,,,,,,,,,,,,,,,,,,,,
,Alfiah Richi 50jt/580jt,"0,08620689655","11.441.289,43",,,,,,,,,,,,,,,,,,,,,,,,,,,,,
,,,"986.318,05",,,,,,,,,,,,,,,,,,,,,,,,,,,,,
,Hadid 20jt/580jt,"0,03448275862","11.441.289,43",,,,,,,,,,,,,,,,,,,,,,,,,,,,,
,,,"394.527,22",,,,,,,,,,,,,,,,,,,,,,,,,,,,,
,Profit Hafidz,,"10.060.444,16",,,,,,,,,,,,,,,,,,,,,,,,,,,,,
,Profit+Komisi,,"10.662.617,28",,,,,,,,,,,,,,,,,,,,,,,,,,,,,
,Koreksi Profit Total,,"12.043.462,56",,,,,,,,,,,,,,,,,,,,,,,,,,,,,