,,,,,,,,,,,,,,,,,,
,NO,ZONE KODE,KOTA / KABUPATEN,DESTINATION KODE,TUJUAN,TARIF OA,TONASE,,,,,,,,,,,
,,,,,,,,,,,,,,,,,,
,,,,,,,,,,,,,,,,,,
,Semen Bulk : GROBOGAN - RUTE JAWA TIMUR,,,,,,,,,,,,,,,,,
,,0403, MALANG,040304,Wagir, Rp 214.500 , Rp 65.000 ,,,,,,,,,,,
,,0403, MALANG,040311,Pakis, Rp 196.482 , Rp 60.000 ,,,,,,,,,,,
,,0403, MALANG,040313,Singosari, Rp 202.800 , Rp 60.000 ,,,,,,,,,,,
,,0403, MALANG,040325,Bululawang, Rp 199.680 , Rp 60.000 ,,,,,,,,,,,
,,0410, MOJOKERTO,041018,Gondang, Rp 151.086 , Rp 45.000 ,,,,,,,,,,,
,,0410, MOJOKERTO,041007,Mojosari, Rp 165.360 , Rp 50.000 ,,,,,,,,,,,
,,0410, MOJOKERTO,041006,Bangsai, Rp 151.866 , Rp 45.000 ,,,,,,,,,,,
,,0410, MOJOKERTO,041005,Trowulan, Rp 150.866 , Rp 45.000 ,,,,,,,,,,,
,,0410, MOJOKERTO,041019,Jaitrejo, Rp 171.600 , Rp 50.000 ,,,,,,,,,,,
,,0478, PROBOLINGGO KOTA,047802,Mayangan, Rp 209.118 , Rp 60.000 ,,,,,,,,,,,
,,0405, PROBOLINGGO,040608,Paiton, Rp 218.634 , Rp 65.000 ,,,,,,,,,,,
,,0480, SITUBONDO,048014,Banyuputih, Rp 261.378 , Rp 80.000 ,,,,,,,,,,,
,,0401, SURABAYA,040131,Karangpilang, Rp 159.822 , Rp 50.000 ,,,,,,,,,,,
,,0401, SIURABAYA,040114,Benowo, Rp 155.454 , Rp 45.000 ,,,,,,,,,,,
,,0401, SURABAYA,040112,Sambikerep, Rp 159.822 , Rp 50.000 ,,,,,,,,,,,
,,0419, GRESIK,041901,Gresik, Rp 151.086 , Rp 45.000 ,,,,,,,,,,,
,,0419, GRESIK,041901,Manyar, Rp 151.086 , Rp 45.000 ,,,,,,,,,,,
,,0420, PONOROGO,042010,Jetis, Rp 169.677 , Rp 50.000 ,,,,,,,,,,,
,,0461, SIDOARJO,046109,Taman/krian, Rp 163.410 , Rp 50.000 ,,,,,,,,,,,
,,0473, BLITAR KABUPATEN,047307,Kademangan, Rp 179.400 , Rp 55.000 ,,,,,,,,,,,
,,0418, LAMONGAN,041827,Pucuk, Rp 133.224 , Rp 40.000 ,,,,,,,,,,,
,,0404, KEDIRI,040418,Papar, Rp 173.672 , Rp 50.000 ,,,,,,,,,,,
,,0404, KEDIRI,040401,Kandat, Rp 177.799 , Rp 50.000 ,,,,,,,,,,,
,,0409, PASURUAN,040903,Gempol, Rp 187.400 , Rp 45.000 ,,,,,,,,,,,
,,0467, JOMBANG,046709,Kabuh, Rp 148.200 , Rp 45.000 ,,,,,,,,,,,
,,,,,,,,,,,,,,,,,,
,,,,,,,,,,,,,,,,,,
,NO,ZONE KODE,KOTA / KABUPATEN,DESTINATION KODE,TUJUAN,TARIF OA,TONASE,,,,,,,,,,,
,,,,,,,,,,,,,,,,,,
,,,,,,,,,Saving 5%,Potongan 2%,Potongan LJU,OA Driver,Tonase,Pendapatan,UJ 31 ton,Keuntungan,Saving,Profit
,Semen Bulk : GROBOGAN - RUTE JAWA TIMUR,,,,,,,,,,,,,,,,,
,,0403, MALANG,040304,Wagir, Rp 199.485 , Rp 65.000 ,," Rp 10.725,00 "," Rp 4.290,00 "," Rp 132.990,00 "," Rp 199.485,00 "," Rp 65.000,00 ", Rp 6.184.035 , Rp 3.550.000 , Rp 2.634.035 ," Rp 332.475,00 "," Rp 2.966.509,67 "
,,0403, MALANG,040311,Pakis, Rp 182.728 , Rp 60.000 ,," Rp 9.824,10 "," Rp 3.929,64 "," Rp 121.818,84 "," Rp 182.728,26 "," Rp 60.000,00 ", Rp 5.664.576 , Rp 3.350.000 , Rp 2.314.576 ," Rp 304.547,10 "," Rp 2.619.123,47 "
,,0403, MALANG,040313,Singosari, Rp 188.604 , Rp 60.000 ,," Rp 10.140,00 "," Rp 4.056,00 "," Rp 125.736,00 "," Rp 188.604,00 "," Rp 60.000,00 ", Rp 5.846.724 , Rp 3.350.000 , Rp 2.496.724 ," Rp 314.340,00 "," Rp 2.811.063,63 "
,,0403, MALANG,040325,Bululawang, Rp 185.702 , Rp 60.000 ,," Rp 9.984,00 "," Rp 3.993,60 "," Rp 123.801,60 "," Rp 185.702,40 "," Rp 60.000,00 ", Rp 5.756.774 , Rp 3.350.000 , Rp 2.406.774 ," Rp 309.504,00 "," Rp 2.716.278,40 "
,,0410, MOJOKERTO,041018,Gondang, Rp 140.510 , Rp 45.000 ,," Rp 7.554,30 "," Rp 3.021,72 "," Rp 93.673,32 "," Rp 140.509,98 "," Rp 45.000,00 ", Rp 4.355.809 , Rp 2.350.000 , Rp 2.005.810 ," Rp 234.183,30 "," Rp 2.239.993,01 "
,,0410, MOJOKERTO,041007,Mojosari, Rp 153.785 , Rp 50.000 ,," Rp 8.268,00 "," Rp 3.307,20 "," Rp 102.523,20 "," Rp 153.784,80 "," Rp 50.000,00 ", Rp 4.767.329 , Rp 2.650.000 , Rp 2.117.329 ," Rp 256.308,00 "," Rp 2.373.637,00 "
,,0410, MOJOKERTO,041006,Bangsai, Rp 141.235 , Rp 45.000 ,," Rp 7.593,30 "," Rp 3.037,32 "," Rp 94.156,92 "," Rp 141.235,38 "," Rp 45.000,00 ", Rp 4.378.297 , Rp 2.350.000 , Rp 2.028.297 ," Rp 235.392,30 "," Rp 2.263.689,47 "
,,0410, MOJOKERTO,041005,Trowulan, Rp 140.305 , Rp 45.000 ,," Rp 7.543,30 "," Rp 3.017,32 "," Rp 93.536,92 "," Rp 140.305,38 "," Rp 45.000,00 ", Rp 4.349.467 , Rp 2.350.000 , Rp 1.999.467 ," Rp 233.842,30 "," Rp 2.233.309,58 "
,,0410, MOJOKERTO,041019,Jaitrejo, Rp 159.588 , Rp 50.000 ,," Rp 8.580,00 "," Rp 3.432,00 "," Rp 106.392,00 "," Rp 159.588,00 "," Rp 50.000,00 ", Rp 4.947.228 , Rp 2.700.000 , Rp 2.247.228 ," Rp 265.980,00 "," Rp 2.513.208,35 "
,,0478, PROBOLINGGO KOTA,047802,Mayangan, Rp 194.480 , Rp 60.000 ,," Rp 10.455,90 "," Rp 4.182,36 "," Rp 129.653,16 "," Rp 194.479,74 "," Rp 60.000,00 ", Rp 6.028.872 , Rp 3.200.000 , Rp 2.828.872 ," Rp 324.132,90 "," Rp 3.153.005,01 "
,,0405, PROBOLINGGO,040608,Paiton, Rp 203.330 , Rp 65.000 ,," Rp 10.931,70 "," Rp 4.372,68 "," Rp 135.553,08 "," Rp 203.329,62 "," Rp 65.000,00 ", Rp 6.303.218 , Rp 3.400.000 , Rp 2.903.218 ," Rp 338.882,70 "," Rp 3.242.100,89 "
,,0480, SITUBONDO,048014,Banyuputih, Rp 243.082 , Rp 80.000 ,," Rp 13.068,90 "," Rp 5.227,56 "," Rp 162.054,36 "," Rp 243.081,54 "," Rp 80.000,00 ", Rp 7.535.528 , Rp 4.000.000 , Rp 3.535.528 ," Rp 405.135,90 "," Rp 3.940.663,85 "
,,0401, SURABAYA,040131,Karangpilang, Rp 148.634 , Rp 50.000 ,," Rp 7.991,10 "," Rp 3.196,44 "," Rp 99.089,64 "," Rp 148.634,46 "," Rp 50.000,00 ", Rp 4.607.668 , Rp 2.600.000 , Rp 2.007.668 ," Rp 247.724,10 "," Rp 2.255.392,52 "
,,0401, SIURABAYA,040114,Benowo, Rp 144.572 , Rp 45.000 ,," Rp 7.772,70 "," Rp 3.109,08 "," Rp 96.381,48 "," Rp 144.572,22 "," Rp 45.000,00 ", Rp 4.481.739 , Rp 2.450.000 , Rp 2.031.739 ," Rp 240.953,70 "," Rp 2.272.692,63 "
,,0401, SURABAYA,040112,Sambikerep, Rp 148.634 , Rp 50.000 ,," Rp 7.991,10 "," Rp 3.196,44 "," Rp 99.089,64 "," Rp 148.634,46 "," Rp 50.000,00 ", Rp 4.607.668 , Rp 2.500.000 , Rp 2.107.668 ," Rp 247.724,10 "," Rp 2.355.392,28 "
,,0419, GRESIK,041901,Gresik, Rp 140.510 , Rp 45.000 ,," Rp 7.554,30 "," Rp 3.021,72 "," Rp 93.673,32 "," Rp 140.509,98 "," Rp 45.000,00 ", Rp 4.355.809 , Rp 2.300.000 , Rp 2.055.809 ," Rp 234.183,30 "," Rp 2.289.992,48 "
,,0419, GRESIK,041901,Manyar, Rp 140.510 , Rp 45.000 ,," Rp 7.554,30 "," Rp 3.021,72 "," Rp 93.673,32 "," Rp 140.509,98 "," Rp 45.000,00 ", Rp 4.355.809 , Rp 2.300.000 , Rp 2.055.809 ," Rp 234.183,30 "," Rp 2.289.992,48 "
,,0420, PONOROGO,042010,Jetis, Rp 157.800 , Rp 50.000 ,," Rp 8.483,85 "," Rp 3.393,54 "," Rp 105.199,74 "," Rp 157.799,61 "," Rp 50.000,00 ", Rp 4.891.788 , Rp 2.600.000 , Rp 2.291.788 ," Rp 262.999,35 "," Rp 2.554.787,31 "
,,0461, SIDOARJO,046109,Taman, Rp 151.971 , Rp 50.000 ,," Rp 8.170,50 "," Rp 3.268,20 "," Rp 101.314,20 "," Rp 151.971,30 "," Rp 50.000,00 ", Rp 4.711.110 , Rp 2.700.000 , Rp 2.011.110 ," Rp 253.285,50 "," Rp 2.264.395,83 "
,,0473, BLITAR KABUPATEN,047307,Kademangan, Rp 166.842 , Rp 55.000 ,," Rp 8.970,00 "," Rp 3.588,00 "," Rp 111.228,00 "," Rp 166.842,00 "," Rp 55.000,00 ", Rp 5.172.102 , Rp 2.750.000 , Rp 2.422.102 ," Rp 278.070,00 "," Rp 2.700.172,09 "
,,0418, LAMONGAN,041827,Pucuk, Rp 123.898 , Rp 40.000 ,," Rp 6.661,20 "," Rp 2.664,48 "," Rp 82.598,88 "," Rp 123.898,32 "," Rp 40.000,00 ", Rp 3.840.848 , Rp 2.150.000 , Rp 1.690.848 ," Rp 206.497,20 "," Rp 1.897.345,61 "
,,0404, KEDIRI,040418,Papar, Rp 161.515 , Rp 50.000 ,," Rp 8.683,60 "," Rp 3.473,44 "," Rp 107.676,64 "," Rp 161.514,96 "," Rp 50.000,00 ", Rp 5.006.964 , Rp 2.700.000 , Rp 2.306.964 ," Rp 269.191,60 "," Rp 2.576.155,16 "
,,0404, KEDIRI,040401,Kandat, Rp 165.353 , Rp 50.000 ,," Rp 8.889,95 "," Rp 3.555,98 "," Rp 110.235,38 "," Rp 165.353,07 "," Rp 50.000,00 ", Rp 5.125.945 , Rp 2.750.000 , Rp 2.375.945 ," Rp 275.588,45 "," Rp 2.651.533,75 "
,,0409, PASURUAN,040903,Gempol, Rp 174.282 , Rp 45.000 ,," Rp 9.370,00 "," Rp 3.748,00 "," Rp 116.188,00 "," Rp 174.282,00 "," Rp 45.000,00 ", Rp 5.402.742 , Rp 2.900.000 , Rp 2.502.742 ," Rp 290.470,00 "," Rp 2.793.211,89 "
,,0467, JOMBANG,046709,Kabuh, Rp 137.826 , Rp 45.000 ,," Rp 7.410,00 "," Rp 2.964,00 "," Rp 91.884,00 "," Rp 137.826,00 "," Rp 45.000,00 ", Rp 4.272.606 , Rp 2.350.000 , Rp 1.922.606 ," Rp 229.710,00 "," Rp 2.152.316,47 "
,,,,,,,,,,,,,,,,,,
,,,,,,,,,,,,,,,,,,
,,,,,,,,,," Rp 6.435,00 "," Rp 199.485,00 ",,,,,,,
,,,,,,,,,," Rp 5.894,46 "," Rp 182.728,26 ",,,,,,,
,,,,,,,,,," Rp 6.084,00 "," Rp 188.604,00 ",,,,,,,
,,,,,,,,,," Rp 5.990,40 "," Rp 185.702,40 ",,,,,,,
,,,,,,,,,," Rp 4.532,58 "," Rp 140.509,98 ",,,,,,,
,,,,,,,,,," Rp 4.960,80 "," Rp 153.784,80 ",,,,,,,
,,,,,,,,,," Rp 4.555,98 "," Rp 141.235,38 ",,,,,,,
,,,,,,,,,," Rp 4.525,98 "," Rp 140.305,38 ",,,,,,,
,,,,,,,,,," Rp 5.148,00 "," Rp 159.588,00 ",,,,,,,
,,,,,,,,,," Rp 6.273,54 "," Rp 194.479,74 ",,,,,,,
,,,,,,,,,," Rp 6.559,02 "," Rp 203.329,62 ",,,,,,,
,,,,,,,,,," Rp 7.841,34 "," Rp 243.081,54 ",,,,,,,
,,,,,,,,,," Rp 4.794,66 "," Rp 148.634,46 ",,,,,,,
,,,,,,,,,," Rp 4.663,62 "," Rp 144.572,22 ",,,,,,,
,,,,,,,,,," Rp 4.794,66 "," Rp 148.634,46 ",,,,,,,
,,,,,,,,,," Rp 4.532,58 "," Rp 140.509,98 ",,,,,,,
,,,,,,,,,," Rp 4.532,58 "," Rp 140.509,98 ",,,,,,,
,,,,,,,,,," Rp 5.090,31 "," Rp 157.799,61 ",,,,,,,
,,,,,,,,,," Rp 4.902,30 "," Rp 151.971,30 ",,,,,,,
,,,,,,,,,," Rp 5.382,00 "," Rp 166.842,00 ",,,,,,,
,,,,,,,,,," Rp 3.996,72 "," Rp 123.898,32 ",,,,,,,
,,,,,,,,,," Rp 5.210,16 "," Rp 161.514,96 ",,,,,,,
,,,,,,,,,," Rp 5.333,97 "," Rp 165.353,07 ",,,,,,,
,,,,,,,,,," Rp 5.622,00 "," Rp 174.282,00 ",,,,,,,
,,,,,,,,,," Rp 4.446,00 "," Rp 137.826,00 ",,,,,,,