NO,KOTA,TUJUAN BONGKAR, TARIF , TONASE , JUMLAH , SANGU SUPIR , PROFIT , TAMBAHAN TONASE ,,,,,
1,REMBANG,SAFINA PL RBG / PRY JLN RIGID,  62.796 ,  31 ,  1.946.661 ,  1.012.263 ,  934.397 ,  25.000 ,,,,,
2,CEPU,RDM BBM BETON,  81.078 ,  31 ,  2.513.412 ,  1.306.974 ,  1.206.438 ,  25.000 ,,,,,
3,PATI,PT. FAJAR BETON MITRA LESTARI,  81.475 ,  31 ,  2.525.731 ,  1.313.380 ,  1.212.351 ,  25.000 ,,,,,
4,PATI,SAFINA PL PATI / PRY JLN RIGID,  81.475 ,  31 ,  2.525.731 ,  1.313.380 ,  1.212.351 ,  25.000 ,,,,,
5,JEPARA,SAFINA PL JPR / PRY PABRIK ACE,  102.540 ,  31 ,  3.178.725 ,  1.652.937 ,  1.525.788 ,  30.762 ,,,,,
6,PURWODADI,"RDM BETON BUDI MULYA, PT",  103.334 ,  31 ,  3.203.366 ,  1.665.751 ,  1.537.616 ,  31.000 ,,,,,
7,DEMAK,"MITRA GLORIA SEJAHTERA, CV",  90.624 ,  31 ,  2.809.347 ,  1.545.141 ,  1.264.206 ,  25.000 ,,,,,
8,SEMARANG,RDM PT ANANDA PRATAMA / PRY JRAGUNG,  116.554 ,  31 ,  3.613.162 ,  1.878.844 ,  1.734.318 ,  35.000 ,,,,,
9,SEMARANG,RDM BETON BUDI MULYA,  116.554 ,  31 ,  3.613.162 ,  1.878.844 ,  1.734.318 ,  35.000 ,,,,,
10,SEMARANG,"PBR BALTON KURNIA ABADI, PT",  116.554 ,  31 ,  3.613.162 ,  1.878.844 ,  1.734.318 ,  35.000 ,,,,,
11,SEMARANG,ARIES PUTRA BETON (SEMARANG),  116.554 ,  31 ,  3.613.162 ,  1.900.000 ,  1.713.162 ,  35.000 ,,,,,
12,SEMARANG,INAX INTERNATIONAL CORPORATION PT.,  130.730 ,  32 ,  4.183.360 ,  2.000.000 ,  2.183.360 ,  35.000 ,2 April 26 naik dr 19 ke 2jt khusus aries dkk,,,  116.554 ,tgl 15 Agustus OA naik
13,UNGARAN,PT. MAHIDARA ARTHA SANGKARA,  190.080 ,  31 ,  5.892.480 ,  2.710.541 ,  3.181.939 ,  50.000 ,,,,,
14,UNGARAN,APB BP BAWEN / TOL JBW SEC6,  207.525 ,  31 ,  6.433.275 ,  2.800.000 ,  3.633.275 ,  50.000 ,  190.080 ,,,,
15,SALATIGA,PBR TRI PILAR BETON MAS *160.000*,  177.561 ,  31 ,  5.504.391 ,  3.000.000 ,  2.504.391 ,  50.000 ,  166.925 ,UJ naik 3 juta,tgl 15 Agustus OA naik,,
16,BATANG,DIRGANTARA BETONINDO / PRY KITB,  141.187 ,  31 ,  4.376.800 ,  2.407.240 ,  1.969.560 ,  50.000 ,,,,,
17,BATANG,PRY BATCHING PLANT KIT BATANG,  141.187 ,  31 ,  4.376.800 ,  2.188.400 ,  2.188.400 ,  50.000 ,,,,,
18,BATANG,PRY AKSES JETTY KIT BATANG,  141.187 ,  31 ,  4.376.800 ,  2.188.400 ,  2.188.400 ,  50.000 ,,,,,
19,SRAGEN,CV. JASEM MAKMUR ABADI PL GALEH,  135.982 ,  31 ,  4.215.442 ,  2.318.493 ,  1.896.949 ,  50.000 ,  126.386 ,,,,
20,KARANGANYAR,UD. BERKAH BATU,  144.430 ,  31 ,  4.477.321 ,  2.650.000 ,  1.827.321 ,  50.000 ,,,,,
21,KARANGANYAR,NINDYA KARYA / PRY PARALYMPIC KARAN,  144.430 ,  31 ,  4.477.321 ,  2.462.526 ,  2.014.794 ,  50.000 ,,,,,
22,SUKOHARJO,TRIYAGAN HERMET PERKASA,  147.316 ,  31 ,  4.566.781 ,  2.800.000 ,  1.766.781 ,  50.000 ,,,,,
23,BOYOLALI,PBR CV MASTER BETON,  140.531 ,  31 ,  4.356.446 ,  2.265.352 ,  2.091.094 ,  50.000 ,,,,,
24,BOYOLALI,RDM KH BETON,  140.531 ,  31 ,  4.356.446 ,  2.265.352 ,  2.091.094 ,  50.000 ,,,,,
25,BOYOLALI,RDM DIRGANTARA / JOGLO PL BOYOLALI,  140.531 ,  31 ,  4.356.446 ,  2.265.352 ,  2.091.094 ,  50.000 ,,,,,
26,BOYOLALI,AK SBO BP NGARU ARU / TOL SOJO,  140.531 ,  31 ,  4.356.446 ,  2.265.352 ,  2.091.094 ,  50.000 ,,,,,
27,KLATEN,AK BP JAMBU KULON / PRY TOL JOGLO P,  145.369 ,31,  4.506.439 ,  2.703.863 ,  1.802.576 ,  50.000 ,  137.196 ,,,,
28,KLATEN,APB BP KEBONARUM / TOL SOJO,  137.196 ,  31 ,  4.253.085 ,  2.977.160 ,  1.275.926 ,  50.000 ,,,,,
29,KLATEN,AK SBO BP JAMBU KULON / TOL SOJO,  137.196 ,  31 ,  4.253.085 ,  2.211.604 ,  2.041.481 ,  50.000 ,,,,,
30,KLATEN,APB AK BP KEBONARUM KLATEN,  137.196 ,  31 ,  4.253.085 ,  2.211.604 ,  2.041.481 ,  50.000 ,,,,,
31,KLATEN,APB AK BP KEBONARUM KLATEN,  137.196 ,  31 ,  4.253.085 ,  2.211.604 ,  2.041.481 ,  50.000 ,,,,,
32,KLATEN,SELO PROGO SAKTI PT.,  137.196 ,  31 ,  4.253.085 ,  2.211.604 ,  2.041.481 ,  50.000 ,,,,,
33,WONOGIRI,C. KUNCORO,  169.230 ,  31 ,  5.246.130 ,  2.885.372 ,  2.360.759 ,  50.000 ,,,,,
34,YOGYAKARTA,DIAMOND BARU PT.,  170.104 ,  31 ,  5.273.233 ,  2.900.278 ,  2.372.955 ,  50.000 ,,,,,
35,YOGYAKARTA,TONGGAK AMPUH (PABRIK),  170.104 ,  31 ,  5.273.233 ,  2.742.081 ,  2.531.152 ,  50.000 ,,,,,
36,SLEMAN,APB PBR MARGOREJO SLEMAN,  157.967 ,  31 ,  4.896.971 ,  3.085.092 ,  1.811.879 ,  50.000 ,,,,,
37,SLEMAN,AK SBO BP SEYEGAN / TOL JBW,  157.967 ,  31 ,  4.896.971 ,  2.546.425 ,  2.350.546 ,  50.000 ,,,,,
38,SLEMAN,APB PBR MARGOREJO SLEMAN,  157.967 ,  31 ,  4.896.971 ,  2.546.425 ,  2.350.546 ,  50.000 ,,,,,
39,SLEMAN,APB AK BP MARGOMULYO SEYEGAN,  157.967 ,  31 ,  4.896.971 ,  2.546.425 ,  2.350.546 ,  50.000 ,,,,,
40,SLEMAN,APB PBR MARGOREJO SLEMAN,  157.967 ,  31 ,  4.896.971 ,  2.546.425 ,  2.350.546 ,  50.000 ,,,,,
41,BANTUL,RDM SURADI / PRY APBD BANTUL,  175.442 ,  31 ,  5.438.705 ,  2.828.127 ,  2.610.578 ,  50.000 ,,,,,
42,GUNUNG KIDUL,BEJO LUMINTU MINULYO PT.,  170.104 ,  31 ,  5.273.233 ,  2.794.814 ,  2.478.420 ,  50.000 ,,,,,
43,GRESIK,RDM VUB GRESIK / PRY GRS SBY,  76.309 ,  31 ,  2.365.564 ,  1.450.000 ,  915.564 ,  25.000 ,,,,,
44,SIDOARJO,RDM VUB LINGKAR SIDOARJO,  92.206 ,  31 ,  2.858.389 ,  1.572.114 ,  1.286.275 ,  30.000 ,,,,,
45,SIDOARJO,PT. BETON INTI GUNA,  92.206 ,  31 ,  2.858.389 ,  1.572.114 ,  1.286.275 ,  30.000 ,,,,,
46,SIDOARJO,SAKURA BETON CV.,  92.206 ,  31 ,  2.858.389 ,  1.572.114 ,  1.286.275 ,  30.000 ,,,,,
47,MOJOKERTO,APB PBR MOJOKERTO,  104.129 ,  31 ,  3.228.008 ,  1.743.124 ,  1.484.884 ,  30.000 ,,,,,
48,MOJOKERTO,APB PBR MOJOKERTO,  104.129 ,  31 ,  3.228.008 ,  1.743.124 ,  1.484.884 ,  30.000 ,,,,,
49,MOJOKERTO,APB PBR MOJOKERTO,  104.129 ,  31 ,  3.228.008 ,  1.743.124 ,  1.484.884 ,  30.000 ,,,,,
50,MOJOKERTO,APB PBR MOJOKERTO,  104.129 ,  31 ,  3.228.008 ,  1.743.124 ,  1.484.884 ,  30.000 ,,,,,
51,PASURUAN,PBR VUB PANDAAN,  114.757 ,  31 ,  3.557.452 ,  1.849.875 ,  1.707.577 ,  35.000 ,,,,,
52,PASURUAN,CV.DUTA PAVING MANDIRI (PASURUAN),  114.757 ,  31 ,  3.557.452 ,  1.849.875 ,  1.707.577 ,  35.000 ,,,,,
53,PASURUAN,DUTA BANGSA PT.,  114.757 ,  31 ,  3.557.452 ,  1.849.875 ,  1.707.577 ,  35.000 ,,,,,
54,MALANG,RDM VUB MALANG,  136.296 ,  31 ,  4.225.176 ,  2.281.595 ,  1.943.581 ,  40.000 ,,,,,
55,MALANG,DUTA BANGSA MANDIRI PV MALANG,  136.296 ,  31 ,  4.225.176 ,  2.281.595 ,  1.943.581 ,  40.000 ,,,,,
56,LAMONGAN,TIRTOBUMI ADYATUNGGAL PT.,  74.306 ,  31 ,  2.303.477 ,  1.151.738 ,  1.151.738 ,  25.000 ,,,,,
57,LAMONGAN,EDOMIX BETON READYMIX.CV,  74.306 ,  31 ,  2.303.477 ,  1.151.738 ,  1.151.738 ,  25.000 ,,,,,
58,TUBAN,VUB / PRY PERTAMINA LPG THP 2,  40.857 ,  31 ,  1.266.561 ,  569.952 ,  696.608 ,  20.000 ,,,,,
59,BOJONEGORO,RDM BETON BUDI MULYA PL KALITIDU,  82.906 ,  31 ,  2.570.086 ,  1.250.000 ,  1.320.086 ,  20.000 ,,,,,
60,BOJONEGORO,LANTAI MAS CV.,  82.906 ,  31 ,  2.570.086 ,  1.105.137 ,  1.464.949 ,  20.000 ,,,,,
61,JOMBANG,TRIPALINDO TRANS MIX PL JOMBANG,  103.334 ,  31 ,  3.203.366 ,  1.600.000 ,  1.603.367 ,  30.000 ,,,,,
62,TULUNGAGUNG,RDM GORIP NANDAGUNA-JLS TULUNGAGUNG,  157.784 ,  31 ,  4.891.295 ,  2.543.473 ,  2.347.821 ,  40.000 ,,,,,
63,MADIUN,RDM CIA MIX / PRY PASAR BESAR NGAWI,  143.150 ,  31 ,  4.437.653 ,  2.307.580 ,  2.130.073 ,  40.000 ,,,,,
64,NGAWI,SUMBER BETON UTAMA PT,  113.270 ,  31 ,  3.511.382 ,  1.755.691 ,  1.755.691 ,  40.000 ,,,,,
65,PONOROGO,CV. PASTIKA DIPTA,  165.494 ,  31 ,  5.130.314 ,  2.667.763 ,  2.462.551 ,  40.000 ,,,,,
66,JEMBER,DUTA BANGSA CV.,  169.309 ,  31 ,  5.248.591 ,  2.624.296 ,  2.624.296 ,  50.000 ,,,,,
67,PROBOLINGGO,VUB PROBOLINGGO / PRY TOL PROBOWANG,  113.668 ,  31 ,  3.523.702 ,  2.043.747 ,  1.479.955 ,  30.000 ,,,,,
68,SITUBONDO,DUTA BANGSA MANDIRI PV SITUBONDO,  165.335 ,  31 ,  5.125.385 ,  2.600.000 ,  2.525.385 ,  40.000 ,,,,,
69,SITUBONDO,"PERUSAHAAN TEGEL & BETON ""ACC""",  165.335 ,  31 ,  5.125.385 ,  2.562.693 ,  2.562.693 ,  40.000 ,,,,,
70,GRESIK,RDM VUB GRESIK / PRY GRS SBY,  76.309 ,  31 ,  2.365.564 ,  1.450.090 ,  915.473 ,  25.000 ,,,,,
71,BANYUWANGI,PP SMI BANYUWANGI,  179.712 ,  31 ,  5.571.072 ,  2.896.957 ,  2.674.115 ,  40.000 ,,,,,
72,KEDIRI,,  92.448 ,  31 ,  2.865.888 ,  1.850.000 ,  1.015.888 ,  30.000 ,,,,,
73,PROBOLINGGO - RUAS BESUKI,VUB PROBOLINGGO / PRY TOL PROBOWANG,  130.464 ,  31 ,  4.044.384 ,  2.224.411 ,  1.819.973 ,  30.000 ,,,,,
74,MAGELANG,Alam daya sejahtera,  196.733 ,  31 ,  6.098.717 ,  3.200.000 ,  2.898.717 ,  50.000 ,2 April 26 naik dr 31 ke 32 khusus miwa,,,,
75,BLORA,,  101.477 ,  31 ,  3.145.781 ,  1.700.000 ,  1.445.781 ,  30.000 ,,,,,
76,SURABAYA,,  81.335 ,  31 ,  2.521.385 ,  1.311.120 ,  1.210.265 ,  30.000 ,,,,,
77,BREBES,,  201.756 ,  31 ,  6.254.436 ,  3.252.307 ,  3.002.129 ,  50.000 ,,,,,
78,BANYUMAS,,  208.980 ,  31 ,  6.478.380 ,  3.563.109 ,  2.915.271 ,  50.000 ,,,,,
79,KUDUS,MITRA BETON PERKASA (KUDUS),  77.899 ,,,,,,,,,,
80,Tegal,,  164.000 ,  31 ,  5.084.000 ,  3.050.400 ,  2.033.600 ,  50.000 ,,,,,
,,,,,,,,,,,,,
,NOTE :,TAMBAHAN DI HITUNG DIMULAI DARI 32 TON,,,,,,,,,,,
,,TONASE TIDAK BOLEH MELEBIHI 34,,,,,,,,,,,