NO,TANGGAL,PENGELUARAN,,NOMINAL,ADMIN,KETERANGAN ,Keterangan Perbaikan ,,,,,,,
,"Kamis, 29 Mei 2025",Jasa Cek Truk Mas Mawan & Pak Rokhim Mekanik,,"1.000.000,00",,Tuban,,,,,,,,
,"Jum'at, 30 Mei 2025",DP Truk Mas Ari,,"20.000.000,00","2.500,00",,,,,,,,,
,"Sabtu, 31 Mei 2025",Selang Gajah ,5 meter,"3.050.000,00",,Tuban ,,,,,,,,
,"Kamis, 5 Juni 2025",GPS Idtrack Truk 1 Tahun,1 Tahun,"850.000,00","2.500,00",,,,,,,,,
,"Kamis, 5 Juni 2025",Jasa Mas Mawan Pengambilan Truk ,,"500.000,00",,Plumpung Tuban,,,,,,,,
,,Jasa Sopir Truk,,"300.000,00",,Plumpung Tuban,,,,,,,,
,,Solar Truk Pertama,,"350.000,00",,,,,,,,,,
,"Kamis, 5 Juni 2025",Pembayaran Truk 1,,"200.000.000,00","30.000,00",RTGS,,,,,,,,
,"Kamis, 5 Juni 2025",Pembayaran Truk 2,,"200.000.000,00","2.500,00",,,,,,,,,
,"Kamis, 5 Juni 2025",Aki Tukar Tambah ,2 pcs,"1.760.000,00",,Plumpung Tuban,,,,,,,,
,"Kamis, 5 Juni 2025",Pembayaran Truk 3,,"5.000.000,00","2.500,00",,,,,,,,,
,,,,,,,,,,BBM Perjalanan,,"228.752,00",,Bekasi
,,,,,,,,,"Minggu, 1 Juni 2025",Hotel Front One,,"800.000,00",,Gresik
,,,,,,,,,"Senin, 2 Juni 2025",BBM Perjalanan,,"301.784,00",,Gresik
,"Jumat, 6 Juni 2025",Ban Duraturn 1100 R20,2 set,"9.042.960,00",,Shopee,4.521.480/set lengkap ban dalam dan marset ,,"Rabu, 4 Juni 2025",BBM Perjalanan,,"593.700,00",,Batang
,,Ban Depan Benang Bridgestone 1100 R20,1 pcs,"4.253.480,00",,Shopee,,,,,,"1.924.236,00",,
,,Ban Dalam+Marset 1100 R20 ,1 pcs,"437.920,00",,Shopee,Untuk Bridgestone ,,,,,,,
,"Jumat, 6 Juni 2025",Ganti Valve + Tukar Tambah + Pasang,4 pcs,"1.000.000,00",,Pak Yanto Pereng Tuban,,,,,,,,
,,Pembersihan Dalam Tangki (Arslet),4 lubang,"400.000,00",,,,,,,,,,
,,Karet Koneksi Pipa Selang Gajah ,1 pcs,"100.000,00",,,,,,,,,,
,,Jasa Pasang Selang Gajah,,"150.000,00",,,,,,,,,,
,,,,,,,,,,,,,,
,,,,,,,,,,,,,,
,,,,,,,,,,,,,,
,,,,,,,,,,,,,,
,,,,,,,,,,,,,,
,,,,,,,,,,,,,,
,"Sabtu, 7 Juni 2025",Cuci Truk,,"100.000,00",,Tuban,,,,,,,,
,"Sabtu, 7 Juni 2025",Perpanjangan STNK + Jasa Biro,,"10.890.000,00",,Tuban,,,,,,,,
,"Minggu, 8 Juni 2025",Uang Awal Mas Yono,,"500.000,00",,Tuban,,,,,,,,
,"Minggu, 8 Juni 2025",Las Kenteng Bemper Belakang ,,"150.000,00",,Pak Nur Tuban,,,,,,,,
,,Las Pengaman Belakang Kanan Kiri,,"150.000,00",,Pak Nur Tuban,,,,,,,,
,,Las Pindah Pangkon Selang Gajah,,"100.000,00",,Pak Nur Tuban,,,,,,,,
,,Las Pembuatan Pengaman Aki + Gantungan Knalpot,,"100.000,00",,Pak Nur Tuban,,,,,,,,
,"Minggu, 8 Juni 2025",Jasa Mas Mawan Urus STNK + Ambil Dongkrak + Uang Tip Sopir Truk,,"800.000,00",,Tuban,,,,,,,,
,,,,,,,,,,,,,,
,"Senin, 9 Juni 2025",Seal Rem Belakang,2 pcs,"40.000,00",,Mbah Datuk Tuban ,,,,,,,,
,,Dop Double+Karet Kabin,2 pcs,"50.000,00",,Mbah Datuk Tuban ,,,,,,,,
,,Jasa Service Pintu+ Kaca Bongkar Pasang + Seal Rem Kampas Macet,,"300.000,00",,Mbah Datuk Tuban ,,,,,,,,
,,Oli Visco Kipas,12 botol,"120.000,00",,Mbah Datuk Tuban ,,,,,,,,
,,Jasa Bongkar Pasang Kipas Radiator,,"100.000,00",,Mbah Datuk Tuban ,,,,,,,,
,,"Copot Topi Kabin, Pasang Lampu Rotari",,"100.000,00",,Mbah Datuk Tuban ,,,,,,,,
,,,,,,,,,,,,,,
,"Senin, 9 Juni 2025",Jassa Bongkar Pasang Ban Baru,3 pcs,"105.000,00",,Tuban,,,,,,,,
,,Kontrol Angin,,"15.000,00",,Tuban,Semua,,,,,,,
,,Jasa Ganti Baut Roda,1 pcs,"40.000,00",,Tuban,Patah baut roda,,,,,,,
,,Baut Roda Belakang,2 pcs ,"110.000,00",,Tuban,,,,,,,,
,"Senin, 9 Juni 2025",Jasa Tossa Bawa 3 Ban Truk Baru,,"200.000,00",,Tuban,,,,,,,,
,"Selasa, 10 Juni 2025",Kabel,,"15.000,00",,Tuban,Lampu jauh dan sein 2 nyala sendiri ,,,,,,,
,,Contact Cleaner,,"20.000,00",,Tuban,,,,,,,,
,,Storing+Perbaikan,,"200.000,00",,Tuban,,,,,,,,
,"Selasa, 10 Juni 2025",Tuker Tambah Ring Velg,1 pcs,"70.000,00",,Tuban ,Ring velg pecah (lupa nota),,,,,,,
,"Rabu, 11 Juni 2025",Pembayaran ke Truk ke 4,,"10.000.000,00","2.500,00",BNI,,,,,,,,
,"Jumat, 13 Juni 2025",Service Radiator+Bongkar pasang+Air Aqua,,"450.000,00",,Tuban,Temperatur Naik,,,,,,,
,"Minggu, 15 Juni 2025",Pembayaran ke Truk ke 5,,"15.000.000,00",,BNI,,,,,,,,
,,,,,,,,,,,,,,
,"Selasa, 17 Juni 2025",Filter Udara,1 pcs,"275.000,00",,Jaya Subur,,,,,,,,
,,Ongkir,,"50.000,00",,,,,,,,,,
,,,,,,,,,,,,,,
,,,,,,,,,,,,,,
,"Selasa, 17 Juni 2025",Air Cuci Truk,,"70.000,00",,Tuban,,,,,,,,
,,HCL,,"17.000,00",,Tuban,,,,,,,,
,,Jasa Cuci HCL,,"100.000,00",,Tuban,,,,,,,,
,"Rabu, 18 Juni 2025",Ban Bekas 1100 R20+Pasang (Kanan Luar Tengah),1 pcs,"500.000,00",,Tuban,Ban kena batu sobek,,,,,,,
,"Kamis, 19 Juni 2025",Beli Velg Second ,1 pcs,"800.000,00",,Tuban,,,,,,,,
,"Kamis, 19 Juni 2025",Ngevet,,"50.000,00",,Mbah Datuk Tuban,Putaran fan masih enteng,,,,,,,
,,Oli Visco Kipas,6 botol,"60.000,00",,Mbah Datuk Tuban,,,,,,,,
,,Jasa perbaikan ,,"50.000,00",,Mbah Datuk Tuban,,,,,,,,
,,Las & Repair Knalpot,,"200.000,00",,Pak Nor Tuban,,,,,,,,
,,Pembuatan Engkolan Ban Cadangan,,"150.000,00",,Pak Nor Tuban,Knalpot patah,,,,,,,
,"Sabtu, 21 Juni 2025",Lampu Samping Bumper Kanan Kiri,14 pcs,"187.000,00",,Shopee Mas Yono,,,,,,,,
,,Relay Kaki 4,1 pcs,"45.000,00",,RSP Electric Tuban,,,,,,,,
,,Socket Relay,1 pcs,"20.000,00",,RSP Electric Tuban,,,,,,,,
,,Rumah Sikring,14 pcs,"10.000,00",,RSP Electric Tuban,,,,,,,,
,,Skun Kabel,1 pcs,"15.000,00",,RSP Electric Tuban,,,,,,,,
,,Kabel ,35 meter,"160.000,00",,RSP Electric Tuban,,,,,,,,
,,Jasa pasang,,"150.000,00",,RSP Electric Tuban,,,,,,,,
,"Sabtu, 21 Juni 2025",Lampu Mundur Bulat,1 pcs,"57.440,00",,Shopee,Persiapan masuk SBI,,,,,,,
,,Alarm Mundur Truk+Socket Fuse,1 pcs,"46.250,00",,Shopee,Persiapan masuk SBI,,,,,,,
,"Senin, 23 Juni 2025",Lampu LED Sein Belakang,4 pcs,"28.000,00",,RSP Electric Tuban,Sein belakang mati,,,,,,,
,,"Kabel, Sikring, Baut",7 meter,"35.000,00",,RSP Electric Tuban,,,,,,,,
,,Jasa pasang,,"50.000,00",,RSP Electric Tuban,,,,,,,,
,"Selasa, 24 Juni 2025",Uang Sepatu Safety+Transport,1 Pasang,"363.000,00",,Tuban Kota,Persiapan masuk SBI,,,,,,,
,"Selasa, 24 Juni 2025",Kaca Film+Tulisan Stiker+Pasang,,"450.000,00",,Tambakboyo,,,,,,,,
,"Selasa, 24 Juni 2025",APAR 3KG,,"181.400,00",,Shopee ,Persiapan masuk SBI,,,,,,,
,,Kacamata+Rompi Safety,,"66.582,00",,Shopee,Persiapan masuk SBI,,,,,,,
,,Segitiga Pengaman+Stiker Merah 25m+Stiker Kuning 25m,,"136.536,00",,Shopee,Persiapan masuk SBI,,,,,,,
,,Masker KN95+Kota P3K,,"162.130,00",,,,,,,,,,
,"Minggu, 29 Juni 2025",Coolant Hikari,4 galon,"140.000,00",,Jaya Subur,,,,,,,,
,,Spakbor Depan Hino RH,1 pcs,"400.000,00",,Jaya Subur,,,,,,,,
,,,,,,,,,,,,,,
,,,,,,,,,,,,,,
,"Senin, 30 Juni 2025",Park Head Hino,1 pcs,"1.400.000,00",,Pak Yanto Jenu,,,,,,,,
,,Jasa Ganti Park Head,,"2.500.000,00",,,,,,,,,,
,,Park Turbo ,1 pcs,"45.000,00",,,,,,,,,,
,,Strum Accu,,"40.000,00",,,,,,,,,,
,,,,,,,,,,,,,,
,"Rabu, 2 Juli 2025",Tiptop Ban Engkel Kanan Luar,1 pcs,"300.000,00",,Tambal Ban Maju Mapan Pati,Ban kena batu sobek (18 Juni 25),,,,,,,
,"Kamis, 3 Juli 2025",Ban Dalam,1 pcs,"100.000,00",,Tuban,,,,,,,,
,,Marset,1 pcs,"30.000,00",,,,,,,,,,
,,Bongkar Pasang Ban,,"20.000,00",,,,,,,,,,
,"Kamis, 3 Juli 2025",Daftar GPS Inova Track (SBI),,"166.500,00",,,,,,,,,,
,,Ganjel Ban,,"100.000,00",,Mas Mawan Tuban,Persiapan masuk SBI,,,,,,,
,"Senin, 7 Juli 2025",STNK 1/12,,"400.000,00",,,STNK 2025-2026 dibagi 12 bulan,,,,,,,
,"Senin, 7 Juli 2025",Thermostat 76.5 derajat ,1 pcs,"575.000,00",,Tuban,,,,,,,,
,"Senin, 7 Juli 2025",Masker Topeng+ Id Card SBI,,"150.000,00",,,Persiapan masuk SBI,,,,,,,
,,,,,,,,,,,,,,
,,,,,,,,,,,,,,
,,,,,,,,,,,,,,
,"Minggu, 13 Juli 2025",U Bolt Lohan Tronton Rear M27x93x400,2 pcs,"400.000,00",,Jaya Subur,,,,,,,,
,,Trunion Bushing,2 pcs,"150.000,00",,Jaya Subur,,,,,,,,
,,Rear Stopper,4 pcs,"400.000,00",,Jaya Subur,,,,,,,,
,,Seal Gardan,1 pcs,"125.000,00",,Jaya Subur,,,,,,,,
,,Oli Gardan SAE 140,1 galon,"215.000,00",,Jaya Subur,,,,,,,,
,,Coolant Hikari 5 liter,1 galon,"35.000,00",,Jaya Subur,,,,,,,,
,,Jasa Kirim Barang ,,"50.000,00",,Koh Hendra,,,,,,,,
,"Minggu, 13 Juli 2025",Jasa Bongkar Pasar Boogie/Trunion & Motong Trunion Per,,"300.000,00",,Mbah Datuk Tuban,,,,,,,,
,,Jasa Pasang Karet Stoper 4 pcs,,"200.000,00",,Mbah Datuk Tuban,,,,,,,,
,"Senin, 14 Juli 2025",Daftar+GPS Easygo (SI) 1/12,,"288.600,00",,,,,,,,,,
,"Selasa, 15 Juli 2025",Helm Safety,,"50.000,00",,Mas Mawan Tuban,Persiapan masuk SBI,,,,,,,
,,,,,,,,,,,,,,
,"Jumat, 18 Juli 2025","Perbaikkan Arset, Bikin Ring Filter Lubang Pipa",,"250.000,00",,Pak Yanto Pereng Tuban,,,,,,,,
,,Ganti Kran Pendorong 1 Inch Kuningan,,"250.000,00",,Pak Yanto Pereng Tuban,,,,,,,,
,,,,,,,,,,,,,,
,,,,,,,,,,,,,,
,,,,,,,,,,,,,,
,,,,,,,,,,,,,,
,,,,,,,,,,,,,,
,,,,,,,,,,,,,,
,"Jumat, 25 Juli 2025",Pelunasan Truk,,"80.000.000,00","5.000,00",BI Fast,"Potong 5 jt dari 85 jt, 50 jt Richi Alfiah , 50 jt Mas Dhian",,,,,,,
,"Jumat, 25 Juli 2025",Ring Velg,,"100.000,00",,Temen Mas Yono,Pecah Ring,,,,,,,
,,Torsi Baut,,"50.000,00",,Berdikari Tuban,,,,,,,,
,,Cek Angin,,"20.000,00",,Berdikari Tuban,,,,,,,,
,,Semprot Radiator,,"25.000,00",,Berdikari Tuban,,,,,,,,
,"Sabtu, 26 Juli 2025",Service Radiator + Bongkar Pasang,,"250.000,00",,Rembang,,,,,,,,
,"Senin, 28 Juli 2025",Water Outlet Hino 260 TI,1 pcs,"150.000,00",,Jaya Subur,,,,,,,,
,,Silicon ,1 pcs,"45.000,00",,Jaya Subur,,,,,,,,
,,Coolant Hikari 5 liter ,2 galon,"70.000,00",,Jaya Subur,,,,,,,,
,"Senin, 28 Juli 2025",Seal Rem Depan,2 pcs,"40.000,00",,Mbah Datuk Tuban,,,,,,,,
,,Stempet Cobra,4 pcs,"140.000,00",,Mbah Datuk Tuban,,,,,,,,
,,Pipa Rem,2 meter,"60.000,00",,Mbah Datuk Tuban,,,,,,,,
,,Minyak Rem Jumbo,2 pcs,"140.000,00",,Mbah Datuk Tuban,,,,,,,,
,,Jasa Ganti Seal Gardan ,,"100.000,00",,Mbah Datuk Tuban,Part Sudah Beli Sebelumnya & Terdata,,,,,,,
,,Jasa Ganti Seal Rem Depan,,"200.000,00",,Mbah Datuk Tuban,,,,,,,,
,,"Jasa Cek Bearing Nambah Grease, Ganti Water Outlet, Las Pipa Rem, Stel Rem, Bongkar Pasang Pipa Rem",,"300.000,00",,Mbah Datuk Tuban,,,,,,,,
,,Jasa Gojek Barang,,"65.500,00",,,,,,,,,,
,"Senin, 28 Juli 2025",Las Ganjal Per Roda Kanan Belakang ,,"200.000,00",,Pak Nor Tuban,Per renggang,,,,,,,
,"Senin, 28 Juli 2025",Pasang Lepas Thermostat,,"100.000,00",,Pak Andri Bojonegoro,Uji Coba Thermostat,,,,,,,
,,,,,,,,,,,,,,
,"Rabu, 6 Agustus 2025",Meditran SX 10 Liter,1 pcs,"425.000,00",,Jaya Subur,Km 6000,,,,,,,
,,Meditran SX 4 liter,2 pcs,"350.000,00",,Jaya Subur,4 liter oli mesin dipakai Hori,,,,,,,
,,Filter Oli MesinHOP,1 pcs,"150.000,00",,Jaya Subur,,,,,,,,
,,Filter Solar Atas & Bawah ,2 pcs,"190.000,00",,Jaya Subur,,,,,,,,
,,Jasa Kirim,,"25.000,00",,Jaya Subur,,,,,,,,
,"Rabu, 6 Agustus 2025",Filter Solar Bawah ,2 pcs,"200.000,00",,Tuban Mas Yono,"Sopir Butuh Uang Perbaikkan, 23 Sep 25 pakai 1",,,,,,,
,"Rabu, 6 Agustus 2025",Air Cuci Truk ,,"70.000,00",,H.Mudjianto Tuban,,,,,,,,
,,HCL,2 pcs,"35.000,00",,H.Mudjianto Tuban,,,,,,,,
,,Jasa Cuci,,"50.000,00",,H.Mudjianto Tuban,,,,,,,,
,"Rabu, 6 Agustus 2025",GPS Inova Track (SBI) 1/12,,"88.800,00",,,,,,,,,,
,"Kamis, 7 Agustus 2025",STNK 2/12,,"400.000,00",,,,,,,,,,
,"Kamis, 7 Agustus 2025","Ganti Oli Mesin, Filter Oli, Filter Solar Atas Bawah, Semprot Rem, Silicon kaca",,,,Mbah Datuk Tuban,,,,,,,,
,"Kamis, 7 Agustus 2025",Cover Angin Depan Belakang,2 pcs,"1.000.000,00",,Pak Yanto Pereng Tuban,Perbaikkan Compressor Hori Pecah Cover ,,,,,,,
,,Areng Hori 1 set,5 pcs,"1.100.000,00",,Pak Yanto Pereng Tuban,4 liter oli mesin,,,,,,,
,,Bearing 6208,1 pcs,"100.000,00",,Pak Yanto Pereng Tuban,,,,,,,,
,,Seal Oil Angin TC55-70-9,2 pcs,"150.000,00",,Pak Yanto Pereng Tuban,,,,,,,,
,,Cross Joint PTO GOM 88,1 pcs,"100.000,00",,Pak Yanto Pereng Tuban,,,,,,,,
,,Jasa Perbaikkan ,,"550.000,00",,Pak Yanto Pereng Tuban,,,,,,,,
,"Selasa, 12 Agustus 2025",Bongkar Pasang Per Babok Belakang 154cm,,"250.000,00",,Mbah Datuk Tuban,Per Babok Bawah Patah,,,,,,,
,,Stempet Cobra,,"35.000,00",,Mbah Datuk Tuban,,,,,,,,
,"Selasa, 12 Agustus 2025",Las & Repair Pangkon Selang Gajah,,"125.000,00",,Pak Nor Tuban,"Segel selang putus terus, dimundurkan ",,,,,,,
,,Las + Napel Velg Retak,,"100.000,00",,Pak Nor Tuban,Velg Retak,,,,,,,
,"Selasa, 12 Agustus 2025",Baut Roda Belakang Kanan,1 pcs,"65.000,00",,Adi Jaya Ban Tuban ,Baut Roda Patah,,,,,,,
,,Jasa Bongkar Pasang Baut Roda,,"50.000,00",,Adi Jaya Ban Tuban ,,,,,,,,
,,Jasa Tukar Velg,2 pcs,"40.000,00",,Adi Jaya Ban Tuban ,Velg Retak,,,,,,,
,"Kamis, 14 Agustus 2025",Las Pengaman Samping Belakang (Plat Siku),,"100.000,00",,Pati,Las Lepas,,,,,,,
,"Jumat, 15 Agustus 2025",GPS Easygo (SI) 2/12,,"122.100,00",,,,,,,,,,
,"Sabtu, 30 Agustus 2025",Seal Rem Depan,2 pcs,"40.000,00",,,,,,,,,,
,,Stempet Rotari,2 pcs,"90.000,00",,,,,,,,,,
,,Seal Tromol Depan,1 pcs,"70.000,00",,,,,,,,,,
,,Minyak Rem Jumbo,1 liter,"70.000,00",,,,,,,,,,
,,Jasa Bongkar Pasang Seal Rem,,"150.000,00",,,,,,,,,,
,,STEL Rem + Hand Rem,,"50.000,00",,,,,,,,,,
,,Las Baut Wheel Dop,,"50.000,00",,,,,,,,,,
,"Sabtu, 30 Agustus 2025",Semprot Filter Udara,,"10.000,00",,,,,,,,,,
,,Semprot Radiator,,"20.000,00",,,,,,,,,,
,,Kontrol Ban,,"20.000,00",,,,,,,,,,
,,,,,,,,,,,,,,
,"Selasa, 2 September 2025",Baut Roda Belakang Kiri,4 pcs,"320.000,00",,Gio Ban Sragen,Patah baut roda belakang kiri 8 pcs,,,,,,,
,,Impact Roda Kiri Depan Belakang+Bongkar Pasang Ganti Baut,,"150.000,00",,Gio Ban Sragen,,,,,,,,
,,Las Untuk Lepas Baut Roda Kiri,6 pcs,"120.000,00",,Gio Ban Sragen,,,,,,,,
,,Impact Kontrol Roda Kanan Depan Belakang,,"50.000,00",,Gio Ban Sragen,,,,,,,,
,,Baut Roda Hino Belakang Kiri ,4 pcs,"320.000,00",,Sragen,Toko,,,,,,,
,,Tips Mas Yono,,"40.000,00",,Sragen,,,,,,,,
,"Minggu, 7 September 2025",STNK 3/12,,"400.000,00",,,,,,,,,,
,"Senin, 8 September 2025",GPS Easygo (SI) 3/12,,"122.100,00",,,,,,,,,,
,"Senin, 8 September 2025",Baut Roda Belakang Kanan,3 pcs,"150.000,00",,Jaya Subur,Stok kanan 3,,,,,,,
,,Baut Roda Belakang Kiri,3 pcs,"150.000,00",,Jaya Subur,Stok kiri 3 (dipinjam 2),,,,,,,
,"Senin, 8 September 2025",Air Cuci Truk,,"70.000,00",,H.Mudjianto Tuban,,,,,,,,
,,HCL,2 pcs,"35.000,00",,H.Mudjianto Tuban,,,,,,,,
,,Tukang Cuci HCL,,"50.000,00",,H.Mudjianto Tuban,,,,,,,,
,"Rabu, 10 September 2025",Bushing Stang Perseneling Atas,1 set ,"100.000,00",,Lancar Jaya Jenu,,,,,,,,
,,Kabel Gas,1 pcs,"50.000,00",,Lancar Jaya Jenu,,,,,,,,
,,Kabel Handle Perseneling ,1 pcs,"300.000,00",,Lancar Jaya Jenu,,,,,,,,
,,Bongkar Pasang Bushing Perseneling,,"50.000,00",,Mbah Datuk Tuban,,,,,,,,
,,Ganti Kabel Gas,,"100.000,00",,Mbah Datuk Tuban,,,,,,,,
,,Ganti Kabel Handel Perseneling,,"150.000,00",,Mbah Datuk Tuban,,,,,,,,
,"Rabu, 10 September 2025",Las+Plug Chassis Tangki Belakang Kanan Kiri,,"550.000,00",,Pak Nor Tuban,Tangki Retak,,,,,,,
,,Jasa+Ganti Baut Kawel Chassis Tangki,4 pcs ,"100.000,00",,Pak Nor Tuban,,,,,,,,
,"Rabu, 10 September 2025",Doorlock kanan ,1 pcs,"125.000,00",,Jaya Subur,Pintu Rusak Tidak Bisa Dikunci ,,,,,,,
,,Kunci Pintu,1 set,"75.000,00",,Jaya Subur,,,,,,,,
,,Regulator Kaca Kanan,1 pcs ,"200.000,00",,Jaya Subur,Belum terpasang ,,,,,,,
,,Ongkos Kirim,,"50.000,00",,Jaya Subur,Kaca Jendela Kendor,,,,,,,
,,Storing Perbaikan Pintu Kanan,,"150.000,00",,Mbah Datuk Tuban,,,,,,,,
,,Tips Mbah Datuk,,"50.000,00",,,,,,,,,,
,"Rabu, 10 September 2025",Ban Kawat Bekas 1100 Depan,2 pcs ,"1.650.000,00",,Adi Jaya Ban Tuban ,Ban BS Benang Disimpan (Terjual 25 Okt 2025 2 juta - ban GITI bekas set + 1.100.000),,,,,,,
,,Ban Kanan Benang GT Boncel Terjual,,"270.000,00",,Adi Jaya Ban Tuban ,,,,,,,,
,,Bongkar Pasang Ban,4 pcs,"100.000,00",,Adi Jaya Ban Tuban ,,,,,,,,
,,Oper Ban,,"20.000,00",,Adi Jaya Ban Tuban ,,,,,,,,
,,Semprot Filter Udara,,"10.000,00",,Adi Jaya Ban Tuban ,,,,,,,,
,,Semprot Radiator,,"20.000,00",,Adi Jaya Ban Tuban ,,,,,,,,
,"Jumat, 12 September 2025",GPS Inova Track (SBI) 2/12,,"134.052,00",,,,,,,,,,
,"Rabu, 17 September 2025",Seal Rem Belakang ,2 pcs ,"40.000,00",,Mbah Datuk Tuban,,,,,,,,
,,Stempet Rotari,1 pcs ,"40.000,00",,Mbah Datuk Tuban,,,,,,,,
,,Seal Tromol Belakang,1 pcs ,"70.000,00",,Mbah Datuk Tuban,,,,,,,,
,,Minyak Rek Jumbo ,1 pcs ,"70.000,00",,Mbah Datuk Tuban,,,,,,,,
,,Setel Rem+Vet,,"100.000,00",,Mbah Datuk Tuban,,,,,,,,
,,Jasa Ganti Seal Rem Belakang Engkel+Packing+Tutup Tromo Depan,,"250.000,00",,Mbah Datuk Tuban,,,,,,,,
,"Minggu, 21 September 2025",Bongkar Pasang+Nambal Ban Depan Kanan,,"60.000,00",,Sumber Nafkah Demak,"Bocor Kanan depan, ban dalam melipat",,,,,,,
,,Marset Ori Bekas,1 pcs ,"90.000,00",,Sumber Nafkah Demak,"Bocor, Double Marset ",,,,,,,
,"Minggu, 21 September 2025",Setting Klep,,"20.000,00",,Temen Mas Yono ,,,,,,,,
,"Minggu, 21 September 2025",Bongkar Pasang Ban Depan Kanan ,,"50.000,00",,SIS Tambal Ban Rembang,Double Marset,,,,,,,
,,Marset Ori Bekas,1 pcs ,"40.000,00",,SIS Tambal Ban Rembang,,,,,,,,
,"Selasa, 23 September 2025",Box Bekas,,"250.000,00",,Pak Nor Tuban,,,,,,,,
,,Las & Baut BoX,,"100.000,00",,Pak Nor Tuban,,,,,,,,
,"Kamis, 25 September 2025",Mbah Man Pengurus SILOG,,"150.000,00",,SILOG,Perbulan tiap tanggal 25 ,,,,,,,
,"Jumat, 26 September 2025",Talang Air,1 Set,"130.000,00",,Shopee Mas Yono,,,,,,,,
,"Jumat, 26 September 2025",Dongkrak Bekas 50 Ton,,"300.000,00",,Temen Mas Khoirul ,Kunci Roda 100.000,,,,,,,
,"Jumat, 26 September 2025",Cuci Truk,,"100.000,00",,Bu Asiyah Tambakboyo ,,,,,,,,
,,,,,,,,,,,,,,
,"Rabu, 1 Oktober 2025",Baut Roda Belakang Kiri,5 pcs ,"165.446,67",,Shopee,"Stok 6 kiri, dipinjam kiri 2, kanan 3, Beli tanggal 28 Sep 25",,,,,,,
,,Filter Solar Atas HOP,1 pcs,"50.000,00",,Jaya Subur,"Stok, Beli tanggal 30 Sep 25",,,,,,,
,"Rabu, 1 Oktober 2025",Setting Klep,,"200.000,00",,Novan Silog,Setting tanggal 27 Sep 25,,,,,,,
,"Kamis, 2 Oktober 2025",List Kaca Film,,"100.000,00",,Variasi Mobil Parahyangan Kudus,Kaca Film depan pinggiran mengkerut,,,,,,,
,"Sabtu, 4 Oktober 2025",Mahkota dijual,,"500.000,00",,Pakdhe mas Khoirul ,Catatan Saja,,,,,,,
,,Thule Kaki 2,,"750.000,00",,Zidan Variasi,"Catatan Saja, tambah pribadi 250.000",,,,,,,
,"Senin, 6 Oktober 2025",Storing Kaca Depan Kanan Tidak Bisa Naik,,"150.000,00",,Mbah Datuk Tuban,,,,,,,,
,"Selasa, 7 Oktober 2025",STNK 4/12,,"400.000,00",,,,,,,,,,
,"Selasa, 7 Oktober 2025",Kerucut Oranye,1 pcs,"101.603,50",,Shopee,,,,,,,,
,"Selasa, 7 Oktober 2025",Baut Roda Depan Kanan,1 pcs,"35.161,67",,Shopee ,Stock depan kanan 1,,,,,,,
,,Baut Roda Depan Kiri,1 pcs,"35.161,67",,Shopee ,Stock depan kanan 1,,,,,,,
,"Jumat, 10 Oktober 2025",Jasa Bongkar Baut Roda Belakang Kiri,3 pcs ,"50.000,00",,Adi Jaya Ban,"Sisa Stock baut roda 3 kiri, patah 3 engkel",,,,,,,
,,Jasa Bongkar Baut Roda Belakang Kanan,2 pcs,"50.000,00",,Adi Jaya Ban,"Sisa Stock baut roda 1 kanan, patah 2 engkel",,,,,,,
,,Kontrol Baut Roda,2 pasang,"40.000,00",,Adi Jaya Ban,,,,,,,,
,,Kontrol Angin Ban + Semprot Radiator +Filter Udara Mesin + Filter Udara Hori,10 ban,"45.000,00",,Adi Jaya Ban,,,,,,,,
,"Jumat, 10 Oktober 2025",Repair/Lem Karet Manhole Atas Tangki,,"80.000,00",,Pak Nor Tuban,,,,,,,,
,"Jumat, 10 Oktober 2025",Stel Rem ,,"50.000,00",,Mbah Datuk Tuban,,,,,,,,
,,Meditran SX (Tambah Oli Mesin),4 liter,"175.000,00",,Mbah Datuk Tuban,"Km 8000, sisa 1 liter",,,,,,,
,"Jumat, 10 Oktober 2025",Baut Roda Belakang Kiri,5 pcs ,"159.350,00",,Shopee,Stock baut roda 8 kiri,,,,,,,
,,Baut Roda Belakang Kanan,5 pcs ,"159.350,00",,Shopee,Stock baut roda 6 kanan,,,,,,,
,"Sabtu, 11 Oktober 2025",Kerucut Oranye,1 pcs,"101.603,50",,Shopee,,,,,,,,
,"Sabtu, 11 Oktober 2025",Wiper Hybrid,1 set ,"90.000,00",,Tiktok Mas Yon,,,,,,,,
,"Sabtu, 11 Oktober 2025",Kabel ,7 meter,"35.000,00",,RSP Electric Tuban,,,,,,,,
,,Pasang Lampu Samping ,,"100.000,00",,RSP Electric Tuban,Lampu samping mati,,,,,,,
,"Minggu, 12 Oktober 2025",Air Aki,3 liter,"30.000,00",,RSP Electric Tuban,,,,,,,,
,"Senin, 13 Oktober 2025",GPS Inova Track (SBI) 3/12,,"166.500,00",,,,,,,,,,
,"Senin, 13 Oktober 2025",Baut Roda Belakang Kiri,5 pcs ,"159.350,00",,Shopee,Sisa Stock baut roda 3+5 kiri (8 pcs),,,,,,,
,,Baut Roda Belakang Kanan,5 pcs ,"159.350,00",,Shopee,Sisa Stock baut roda 1+5 kanan (6 pcs),,,,,,,
,"Selasa, 14 Oktober 2025",GPS Easygo (SI) 4/12,,"122.100,00",,,,,,,,,,
,"Rabu, 15 Oktober 2025",Nyepul Kepala Aki,1 pcs ,"20.000,00",,RSP Electric Tuban,,,,,,,,
,,Skun,1 pcs ,"10.000,00",,RSP Electric Tuban,,,,,,,,
,,Terminal A,1 set,"50.000,00",,RSP Electric Tuban,,,,,,,,
,,Perbaikkan Socket Lampu Depan + Dim,1 pcs ,"50.000,00",,RSP Electric Tuban,Lampu Depan Dim Sendiri ,,,,,,,
,"Kamis, 16 Oktober 2025",Relay (Bosh),1 pcs ,"45.000,00",,RSP Electric Tuban,Box Sikring Sort (Berasap),,,,,,,
,,Socket Relay,1 pcs ,"15.000,00",,RSP Electric Tuban,,,,,,,,
,,Rumah Sikring,2 pcs ,"14.000,00",,RSP Electric Tuban,,,,,,,,
,,Sikring,5 pcs ,"7.000,00",,RSP Electric Tuban,,,,,,,,
,,Perbaikkan Kelistrikan+Storing ,,"100.000,00",,RSP Electric Tuban,,,,,,,,
,"Sabtu, 18 Oktober 2025",Kabel ORI Bintik Tembaga,34 meter,"170.000,00",,RSP Electric Tuban,Lampu Rem Kota dan Hazard Mati,,,,,,,
,,Perbaikkan Ngeset Lampu Rem Kota dan Hazard Mati,,"150.000,00",,RSP Electric Tuban,,,,,,,,
,"Senin, 20 Oktober 2025",Ganti Ban Cadangan Impact,1 pcs,"40.000,00",,Lubung Oangan Lasem,Pecah ban,,,,,,,
,"Selasa, 21 Oktober 2025",Ban Duraturn 1100 Luar Saja,1 pcs,"3.840.000,00",,Caping Ban,Ban Bekas Tronton Kanan Dalam Pecah,,,,,,,
,,Jas Bongkar Pasang Ban+Ongkos Pasang Ban Cadangan,,"50.000,00",,Demak kotak ,Pasang di Tronton Kanan Luar,,,,,,,
,"Rabu, 22 Oktober 2025",Bongkar Pasang Ban,2 pcs,"60.000,00",,Caping Ban,"Duraturn Baru Pasang di Kiri Depan, Duraturn Depan kiri Pindah Engkel Luar kanan",,,,,,,
,,Oper Ban,1 pcs,"30.000,00",,Caping Ban,Ban Neolin Engkel Luar Kanan Pindah ke Tronton Kanan,,,,,,,
,"Kamis, 23 Oktober 2025",Ban Duraturn 1100 Set,1 pcs,"4.275.000,00",,Caping Ban,Ban Bekas+Ban Neolin Pecah,,,,,,,
,,Marset Tipis,1 pcs,"25.000,00",,Caping Ban,,,,,,,,
,,Bongkar Pasang Ban+Impact,3 ban,"110.000,00",,Sedulur Ban,Masang Ban Cadangan + Cadangan Mas Toni ,,,,,,,
,,Bongkar Pasang Ban Baru+Impact,3 ban,"150.000,00",,Kotak Ban,"Duraturn Baru Depan Kanan, Duraturn Kanan Depan Engkel Kanan, Neolin Tronton Kanan Luar",,,,,,,
,"Sabtu, 25 Oktober 2025",Ban Bridgeston Benang 1100 terjual,1 pcs,"2.000.000,00",,Adi Jaya Ban,"Ban 1100 Benang Terjual (hilang, Iyus ganti rugi)",,,,,,,
,,Ban Giti Bekas 1100 kawat set,1 pcs,"900.000,00",,Adi Jaya Ban,5 Februari 2026 pecah,,,,,,,
,"Sabtu, 25 Oktober 2025",Pak Udin Pengurus SILOG,,"150.000,00",,SILOG,Perbulan tiap tanggal 25 ,,,,,,,
,"Sabtu, 25 Oktober 2025",Seal Perseneling Belakang,2 pcs,"180.000,00",,Mbah Datuk Tuban,,,,,,,,
,,Vet,,"50.000,00",,Mbah Datuk Tuban,,,,,,,,
,,Seal Pen Belakang,2 pcs,"40.000,00",,Mbah Datuk Tuban,,,,,,,,
,,Minyak Rem Jumbo,1 pcs,"70.000,00",,Mbah Datuk Tuban,,,,,,,,
,,Karet Kopling Atas,1 pcs,"50.000,00",,Mbah Datuk Tuban,,,,,,,,
,,Seal Tromol Belakang Engkel Kiri,1 pcs,"70.000,00",,Mbah Datuk Tuban,,,,,,,,
,,Stempet Rotary Roda,4 pcs,"180.000,00",,Mbah Datuk Tuban,,,,,,,,
,,Jasa Ganti Seal Perseneling,1 pcs,"200.000,00",,Mbah Datuk Tuban,Seal Perseneling Rembes (Netes ke kampas rem tangan),,,,,,,
,,Jasa Ganti Seal Rem Belakang Engkel Kiri,1 pcs,"200.000,00",,Mbah Datuk Tuban,Seal Rem Belakang Kiri Engkel Rembes ,,,,,,,
,,Oli Gardan,4 liter,"190.000,00",,Mbah Datuk Tuban,,,,,,,,
,"Selasa, 28 Oktober 2025",Jasa Tambal Ban Duraturn Dalam Engkel Kanan,1 pcs,"50.000,00",,Berdikari Tambal Ban,,,,,,,,
,"Jumat, 31 Oktober 2025",Jasa Ganti Filter Solar Atas & Bawah,,"50.000,00",,Nova Silog,"KM 628.027,63. Atas KM10.300, bawah KM5.000",,,,,,,
,,,,,,,,,,,,,,
,"Minggu, 2 November 2025",Stempet,,"50.000,00",,Berkah Rembang ,,,,,,,,
,"Jumat, 7 November 2025",STNK 5/12,,"400.000,00",,,,,,,,,,
,"Senin, 3 November 2025",Meditran SX 10 Liter,1 pcs,"425.000,00",,Jaya Subur,"KM 629.301, next ganti 639.301",,,,,,,
,,Meditran SX 4 Liter,1 pcs,"185.000,00",,Jaya Subur,,,,,,,,
,,Meditran SX 1 Liter,1 pcs,"50.000,00",,Jaya Subur,,,,,,,,
,,Filter Oli Mesin Hop,1 pcs,"185.000,00",,Jaya Subur,,,,,,,,
,,Filter Solar Atas,1 pcs,"50.000,00",,Jaya Subur,Stok Filter Solar Atas 1 pcs,,,,,,,
,,Filter Solar Bawah,1 pcs,"165.000,00",,Jaya Subur,Stok Filter Solar Bawah 1 pcs,,,,,,,
,,Oli Rem Jumbo,1 pcs,"65.000,00",,Jaya Subur,,,,,,,,
,"Senin, 10 November 2025",GPS Easygo (SI) 5/12,,"122.100,00",,,,,,,,,,
,"Senin, 10 November 2025",GPS Inova Track (SBI) 4/12,,"166.500,00",,,,,,,,,,
,"Senin, 10 November 2025",Cuci Truk,,"70.000,00",,Asiyah  Tuban,,,,,,,,
,,HCL ,2 pcs,"40.000,00",,Aisyah  Tuban,,,,,,,,
,,Jasa Cuci HCL,,"50.000,00",,Asiyah  Tuban,,,,,,,,
,"Senin, 10 November 2025",Jasa Ganti Oli Mesin,,"30.000,00",,Mbah Datuk Tuban,,,,,,,,
,,Jasa Ganti Filter Oli Mesin,,"15.000,00",,Mbah Datuk Tuban,,,,,,,,
,"Selasa, 11 November 2025",Stoplamp Belakang,1 set,"96.339,00",,Shopee,Mika sudah buram,,,,,,,
,,Kabel Rotari ,10 meter,"50.000,00",,RSP Electric Tuban,,,,,,,,
,,Alarm Mundur,1 pcs,"80.000,00",,RSP Electric Tuban,Kebakar kena banjir,,,,,,,
,,Saklar Rotari,1 pcs,"15.000,00",,RSP Electric Tuban,,,,,,,,
,,Lampu Led,2 pcs,"14.000,00",,RSP Electric Tuban,,,,,,,,
,,"Jasa Perbaikan&Pasang Lampu Mundur, Alarm Mundur, Rotari, Stop Lamp",,"150.000,00",,RSP Electric Tuban,,,,,,,,
,,Storing,,"50.000,00",,RSP Electric Tuban,,,,,,,,
,"Jumat, 14 November 2025",Tambah Angin,10 pcs,"20.000,00",,Berdikari Tuban,Kontrol Tekanan Ban,,,,,,,
,,Semprot Radiator & Filter Udara,,"25.000,00",,Berdikari Tuban,,,,,,,,
,,Kontrol Impact Baut,4 pcs ,"50.000,00",,Berdikari Tuban,,,,,,,,
,"Jumat, 14 November 2025",Tuker Tambah Ganti Valve Nomer 3,1 pcs,"250.000,00",,Pak Yanto Pereng Tuban,"Bocor, Valve nomer 3 dari depan",,,,,,,
,"Jumat, 14 November 2025",Las 4 Pangkon Segel & 4 Baut Jok,,"100.000,00",,Pak Nor Tuban,Patah pangkon segel dan jok,,,,,,,
,"Selasa, 18 November 2025",Cuci Truk,,"70.000,00",,Asiyah  Tuban,,,,,,,,
,,Jasa Cuci,,"20.000,00",,Asiyah  Tuban,,,,,,,,
,"Selasa, 18 November 2025",Bushing Stang Perseneling Atas,1 pcs,"125.000,00",,Cahaya Baru Motor Lasem,Pecah ,,,,,,,
,,Kabeli Tis,,"7.000,00",,Cahaya Baru Motor Lasem,,,,,,,,
,"Senin, 24 November 2025",Lampu Tembak Kanan,1 pcs,"150.000,00",,Mamer Tuban,"Mati kena lubang, rotari mati 2 juga",,,,,,,
,"Kamis, 25 September 2025",Pak Udin Pengurus SILOG,,"150.000,00",,SILOG,Perbulan tiap tanggal 25 ,,,,,,,
,,,,,,,,,,,,,,
,"Rabu, 3 Desember 2025",Cuci Truk,,"70.000,00",,Asiyah  Tuban,,,,,,,,
,,Jasa Cuci,,"20.000,00",,Asiyah  Tuban,,,,,,,,
,"Rabu, 3 Desember 2025",Kontrol Baut,,"50.000,00",,Tambal Ban Berdikari Tuban,,,,,,,,
,,Semprot Filter,,"20.000,00",,Tambal Ban Berdikari Tuban,,,,,,,,
,"Rabu, 3 Desember 2025",Perbaikkan Bocor Selang Thermostat ,,"50.000,00",,,,,,,,,,
,,Ganti Filter Solar Bawah,,"50.000,00",,Novan Silog,"Stok Filter Solar Bawah 0 pcs, KM GPS 632.057",,,,,,,
,"Minggu, 7 Desember 2025",STNK 6/12,,"400.000,00",,,,,,,,,,
,"Rabu, 10 Desember 2025",GPS Easygo (SI) 5/12,,"122.100,00",,,,,,,,,,
,"Rabu, 10 Desember 2025",GPS Inova Track (SBI) 4/12,,"166.500,00",,,,,,,,,,
,"Jumat, 12 Desember 2025",Stel Rem,,"50.000,00",,Mbah Datuk,,,,,,,,
,,Stempet,,"50.000,00",,Mbah Datuk,,,,,,,,
,"Kamis, 18 Desember 2025",Filter Solar Bawah,1 pcs,"100.000,00",,Mbah Datuk,Stok Filter Solar Bawah 1 pcs,,,,,,,
,"Kamis, 18 Desember 2025",As Roda Hino 260 TI Orisinil Engkel Kanan,1 pcs,"2.250.000,00",,,Patah As Roda Engkel Kanan,,,,,,,
,,Storing + Jasa Bongkar pasang As Roda,,"350.000,00",,,,,,,,,,
,"Sabtu, 20 Desember 2025",Seal Tromol Belakang,1 pcs,"70.000,00",,Mbah Datuk,Lanjutan Perbaikkan As Roda Patah,,,,,,,
,,Stempet Rotari ,4 pcs,"180.000,00",,Mbah Datuk,,,,,,,,
,,"Jasa Bongkar Pasang Klaker, Service Baut Slumbung",,"500.000,00",,Mbah Datuk,,,,,,,,
,,Ring As Slumbung,2 pcs,"110.000,00",,Mbah Datuk,,,,,,,,
,,Laker Gardan Lohan 32218JA,1 pcs,"625.000,00",,Indra Jaya Motor Tuban,,,,,,,,
,,Laker Gardan Lohan 32217JA,1 pcs,"500.000,00",,Indra Jaya Motor Tuban,,,,,,,,
,,Mur Slumbung Lohan,2 pcs,"300.000,00",,Indra Jaya Motor Tuban,,,,,,,,
,"Minggu, 21 Desember 2025",Bongkar PAsang Jok Driver Dan Las Meninggikan Dudukan Jok,,"150.000,00",,Pak Nor Tuban,,,,,,,,
,"Kamis, 25 Desember 2025",Pak Udin Pengurus SILOG,,"150.000,00",,SILOG,Perbulan tiap tanggal 25 ,,,,,,,
,"Minggu, 28 Desember 2025",Tambal Ban Tronton Kanan Luar,,"70.000,00",,Walisongo Rembang,,,,,,,,
,"Minggu, 28 Desember 2025",Cuci Truk,,"70.000,00",,Asiyah  Tuban,,,,,,,,
,,HCL ,1 pcs,"20.000,00",,Aisyah  Tuban,,,,,,,,
,,Jasa Cuci HCL,,"50.000,00",,Asiyah  Tuban,,,,,,,,
,,,,,,,,,,,,,,
,"Kamis, 8 Januari 2026",Stempet,,"50.000,00",,Mbah I Rembang,,,,,,,,
,,Kontrol Angin,,"30.000,00",,Mbah I Rembang,,,,,,,,
,"Kamis, 8 Januari 2026",STNK 7/12,,"400.000,00",,,,,,,,,,
,,"Rapelan STNK 7 Bulan, 500.000/bulan",,"3.500.000,00",,,10.800.000 2025 dibagi 12 900.000,,,,,,,
,"Jumat, 9 Januari 2026",Meditran SX 10 Liter,1 pcs,"340.000,00",,Jaya Subur Tuban,"425.000 Oli Tambahan (Hijau ambil 2liter), putih 3 liter, lebihan oli 5 liter (19 Feb 26 2 liter, sisa 3 liter)",,,,,,,
,"Jumat, 9 Januari 2026",Tukar Tambah Velg ,2 pcs,"500.000,00",,Temen Mas Yono ,Silog,,,,,,,
,,Bongkar Pasang Velg,4 pcs,"120.000,00",,Adi Jaya Ban,2 pcs jasa bongkar pasang velg temen mas yon,,,,,,,
,"Selasa, 13 Januari 2026",GPS Easygo (SI) 6/12,,"122.100,00",,,,,,,,,,
,"Selasa, 13 Januari 2026",GPS Inova Track (SBI) 5/12,,"166.500,00",,,,,,,,,,
,"Selasa, 20 Januari 2026",Las Kendangan Knalpot + Tambah Pipa Knalpot,,"200.000,00",,Pak Nor Tuban,,,,,,,,
,"Rabu, 21 Januari 2026",Otomatis Switch Handle,,"820.000,00",,Mbah Datuk,Gigi Tidak Bisa Pindah Ke Kura2 (High Low),,,,,,,
,,Stempet Rotari,4 pcs,"180.000,00",,Mbah Datuk,,,,,,,,
,,Seal Tromol Belakang ,2 pcs,"140.000,00",,Mbah Datuk,,,,,,,,
,,Jasa Cek Laker Roda Semua ,,"600.000,00",,Mbah Datuk,,,,,,,,
,,Jasa Bongkar Pasang High Low,,"100.000,00",,Mbah Datuk,,,,,,,,
,"Rabu, 21 Januari 2026",Kontrol Angin,,"20.000,00",,Adi Jaya Ban,,,,,,,,
,,Semprot Filter,,"10.000,00",,Adi Jaya Ban,,,,,,,,
,,Semprot Radiator,,"20.000,00",,Adi Jaya Ban,,,,,,,,
,,Kontrol Baut Roda + Impact,,"60.000,00",,Adi Jaya Ban,,,,,,,,
,"Jumat, 30 Januari 2026",Cuci Truk,,"70.000,00",,Asiyah  Tuban,,,,,,,,
,,HCL ,1 pcs,"20.000,00",,Aisyah  Tuban,,,,,,,,
,,Jasa Cuci HCL,,"50.000,00",,Asiyah  Tuban,,,,,,,,
,"Sabtu, 31 Januari 2026",Pak Udin Pengurus SILOG,,"150.000,00",,SILOG,Perbulan tiap tanggal 25 (Bayar 2 Feb 26),,,,,,,
,,,,,,,,,,,,,,
,"Jumat, 6 Februari 2026",Jasa Bongkar Pasang Ban Engkel Kanan Pecah,1 pcs,"50.000,00",,Rembang,,,,,,,,
,"Jumat, 6 Februari 2026",Solar ke Jepara Urus Surat Belum Stempel,,"50.000,00",,,,,,,,,,
,"Sabtu, 7 Februari 2026",Ban Duraturn 1100 Luar Saja ( Prod 3025) Serial Number 5112043669 & 5112042665,2 pcs,"7.900.000,00",,Mandiri Jaya Ban Semarang ,5 Februari 2026 pecah ban bekas GITI Melentung Pecah,,,,,,,
,"Minggu, 8 Februari 2026",Ongkos Mas Toni Bawa 2 Ban,,"200.000,00",,,,,,,,,,
,"Minggu, 8 Februari 2026",Jasa Ganti Ban Baru,2 pcs,"60.000,00",,Artomoro Ban Jenu,,,,,,,,
,,Impact,,"20.000,00",,Artomoro Ban Jenu,,,,,,,,
,,Marset Bekas,1 pcs,"50.000,00",,Artomoro Ban Jenu,,,,,,,,
,,Kontrol Angin,,"20.000,00",,Artomoro Ban Jenu,,,,,,,,
,"Minggu, 8 Februari 2026",STNK 8/12,,"900.000,00",,,,,,,,,,
,"Jumat, 13 Februari 2026",GPS Easygo (SI) 7/12,,"122.100,00",,,,,,,,,,
,"Jumat, 13 Februari 2026",GPS Inova Track (SBI) 6/12,,"166.500,00",,,,,,,,,,
,"Sabtu, 21 Februari 2026",Stempet,,"60.000,00",,Tambal Ban Juwana,,,,,,,,
,,Kontrol Angin,,"20.000,00",,Tambal Ban Juwana,,,,,,,,
,,Kontrol Baut Roda + Impact,,"50.000,00",,Tambal Ban Juwana,Patah 2,,,,,,,
,,Semprot Filter,,"5.000,00",,Tambal Ban Juwana,,,,,,,,
,,,,,,,,,,,,,,
,,Potong Baut Roda Engkel Kanan Patah + Impact,,"100.000,00",,Tambal Ban Mandiri,Patah 2,,,,,,,
,,,,,,,,,,,,,,
,"Kamis, 26 Februari 2026",Bongkar Pasang Ban + Impact,,"50.000,00",,Tambal Ban DJ22 Sukolilo,,,,,,,,
,,Las Ganti Baut Roda Engkel Kanan Patah,2 pcs,"50.000,00",,Tambal Ban DJ22 Sukolilo,"Pakai 2 Stok Baut Roda, Sisa stock baut roda 4 pcs kanan",,,,,,,
,"Jumat, 27 Februari 2026",Bongkar Pasang Ban Cadangan dari Truk Mas Mawan dan Ban Bekas Pecah,,"50.000,00",,Tambal Ban Maju Mapan Pati,,,,,,,,
,"Sabtu, 28 Februari 2026",Pak Udin Pengurus SILOG,,"150.000,00",,SILOG,Perbulan tiap tanggal 25 (Bulan Februari pending),,,,,,,
,"Sabtu, 28 Februari 2026",Klaim Muatan Januari Februari Mas Yono Dibagi 2 HWT & Mas Yono,12.580 Kg,"629.000,00",,,Klaim 1.258.000 dibagi 2 ,,,,,,,
,,,,,,,,,,,,,,
,"Minggu, 1 Maret 2026",Rotasi Ban Engkel & Tronton Kanan ke Kiri dan Kiri ke Kanan,4 pcs,"80.000,00",,Artomoro Ban Tuban,,,,,,,,
,,Air Aki,2 pcs,"30.000,00",,RSP Electric,,,,,,,,
,,Pasang Rotary,,"20.000,00",,RSP Electric,,,,,,,,
,"Minggu, 1 Maret 2026",Cuci Truk,,"75.000,00",,Haji Mudjianto Tuban,,,,,,,,
,,HCL ,3 pcs ,"51.000,00",,Haji Mudjianto Tuban,,,,,,,,
,,Jasa Cuci HCL,,"70.000,00",,Haji Mudjianto Tuban,,,,,,,,
,"Minggu, 1 Maret 2026",Meditran SX 10 Liter,1 pcs,"425.000,00",,Jaya Subur,,,,,,,,
,,Meditran SX 4 liter,1 pcs,"125.000,00",,Jaya Subur,,,,,,,,
,,Meditran SX 1 liter,1 pcs,"50.000,00",,Jaya Subur,,,,,,,,
,,Filter Oli HOP,1 pcs,"150.000,00",,Jaya Subur,,,,,,,,
,,Karet Stabilizer Hop,4 pcs,"600.000,00",,Jaya Subur,Engkel Kanan Kiri ,,,,,,,
,"Kamis, 5 Maret 2026",Baut Stabil Panjang,2 pcs,"90.000,00",,Mbah Datuk,,,,,,,,
,,Minyak Rem Jumbo,2 pcs,"140.000,00",,Mbah Datuk,,,,,,,,
,,Jasa Ganti Karet Stabil Engkel Kanan Kiri 4 pcs,,"200.000,00",,Mbah Datuk,,,,,,,,
,,Servis + Ganti Oli Mesin+ Filter Oli Mesin + Filter Solar Atas Bawah,,"150.000,00",,Mbah Datuk,KM GPS 642.939,,,,,,,
,,Bleeding Minyak Rem,,"100.000,00",,Mbah Datuk,,,,,,,,
,,Stel Rem,,"50.000,00",,Mbah Datuk,,,,,,,,
,,Service Gas Berat,,"100.000,00",,Mbah Datuk,,,,,,,,
,,Ganti Filter Solar Atas Bawah,,"0,00",,Mbah Datuk,"Stok Filter Solar Atas Bawah 0 pcs, KM GPS 642.939 (Atas 14.912, Bawah 10.882)",,,,,,,
,"Minggu, 8 Maret 2026",STNK 9/12,,"900.000,00",,,,,,,,,,
,"Minggu, 8 Maret 2026",GPS Easygo (SI) 8/12,,"122.100,00",,,,,,,,,,
,"Minggu, 8 Maret 2026",GPS Inova Track (SBI) 7/12,,"166.500,00",,,,,,,,,,
,"Selasa, 10 Maret 2026",Kabel AWO,10 meter,"50.000,00",,RSP Electric,,,,,,,,
,,Lampu LED Pelindung Kanan,8 pcs,"56.000,00",,RSP Electric,"Lampu LED Pelindung Kanan mati semua, sort",,,,,,,
,,Perbaikkan Lampu Led Sort,,"100.000,00",,RSP Electric,,,,,,,,
,,Relay,1 pcs,"45.000,00",,RSP Electric,,,,,,,,
,"Selasa, 10 Maret 2026",Repair Pasang & Cat Bumper Depan (modifikasi) Tidak Masuk Tagihan,,"700.000,00",,Mas Yon 200rb,,,,,,,,
,"Minggu, 15 Maret 2026",Tambahan Uang Nginep Bawen,,"250.000,00",,,,,,,,,,
,,Cuci Truk,,"70.000,00",,Asiyah  Tuban,,,,,,,,
,,Jasa Orang Nyuci,,"30.000,00",,Aisyah  Tuban,,,,,,,,
,"Rabu, 18 Maret 2026",Las Dodok Tambal Lantai Kabin Kanan & Kiri,,"650.000,00",,Pak Nor Tuban,Lantai Kabin Kropos,,,,,,,
,"Sabtu, 28 Maret 2026",Kontrol Angin,,"20.000,00",,Anang Jaya Ban Tuban,,,,,,,,
,,Semprot Filter,,"10.000,00",,Anang Jaya Ban Tuban,,,,,,,,
,,Semprot Radiator ,,"20.000,00",,Anang Jaya Ban Tuban,,,,,,,,
,"Selasa, 31 Maret 2026",Tambal Ban + Impact,,"60.000,00",,SIS Putri Kembar Lasem,Bocor di VUB Ngaliyan Arslet,,,,,,,
,,Stempet Boogie Kanan Kiri,,"20.000,00",,SIS Putri Kembar Lasem,,,,,,,,
,"Selasa, 31 Maret 2026",Pak Udin Pengurus SILOG,,"150.000,00",,SILOG,"Perbulan tiap tanggal 25 (Bulan Februari, Maret pending)",,,,,,,
,,,,,,,,,,,,,,
,"Kamis, 2 April 2026",Karet Manhole Tangki,2 pcs,"100.000,00",,Temen Mas Khoirul,Karet Rusak,,,,,,,
,"Kamis, 2 April 2026",Lem Fox Untuk Manhole ,1 pcs,"25.000,00",,Toko Akbar Tuban ,,,,,,,,
,,Scotlight Merah 1 meter Kuning 1 meter,2 m,"20.000,00",,Toko Akbar Tuban ,Pendaftaran Indocement,,,,,,,
,,Scotlight Merah 2.5 meter,2.5 m,"25.000,00",,Toko Akbar Tuban ,Pendaftaran Indocement,,,,,,,
,"Jumat, 3 April 2026",Handle Kaca Kanan,1 pcs,"25.000,00",,,Handle Patah,,,,,,,
,"Minggu, 5 April 2026",Klem Aki +-,1 set,"45.000,00",,RSP Electric,Kepala Aki Abis,,,,,,,
,,Sepul Aki+Storing,,"50.000,00",,RSP Electric,Kepala Aki Abis,,,,,,,
,"Rabu, 8 April 2026",STNK 10/12,,"900.000,00",,,,,,,,,,
,"Senin, 13 April 2026",GPS Easygo (SI) 9/12,,"122.100,00",,,,,,,,,,
,"Senin, 13 April 2026",GPS Inova Track (SBI) 8/12,,"166.500,00",,,,,,,,,,
,"Senin, 13 April 2026",Kontrol Angin,,"20.000,00",,Tambal Ban Adi Jaya,,,,,,,,
,,Kontrol Baut Roda,4 Sisi,"60.000,00",,Tambal Ban Adi Jaya,,,,,,,,
,"Senin, 13 April 2026",Coolant Hikari ,1 pcs,"35.000,00",,Mbah Datuk,,,,,,,,
,,Door Lock Pintu Lohan Kanan,1 pcs,"180.000,00",,Mbah Datuk,,,,,,,,
,,Cross Joint Hori,1 pcs,"80.000,00",,Mbah Datuk,,,,,,,,
,,Kran Klakson 1/4,1 pcs,"75.000,00",,Mbah Datuk,,,,,,,,
,,L Selang Angin,1 pcs,"30.000,00",,Mbah Datuk,,,,,,,,
,,Sok Selang 6mm,2 pcs ,"40.000,00",,Mbah Datuk,,,,,,,,
,,Jasa Ganti Cross Joint Hori,,"50.000,00",,Mbah Datuk,,,,,,,,
,,Stel Rem,,"50.000,00",,Mbah Datuk,,,,,,,,
,,Jasa Bongkar Pasang Pipa Air Turbo,,"100.000,00",,Mbah Datuk,,,,,,,,
,,Jasa Pasang Selang Klakson ,,"50.000,00",,Mbah Datuk,,,,,,,,
,,Pipa Air Turbo,,"120.000,00",,Lancar Jaya Jenu,Ganti Yg Di las,,,,,,,
,"Jumat, 17 April 2026",Setting Mesin,,"150.000,00",,Pak PO Lasem,,,,,,,,
,"Jumat, 17 April 2026",Tambal Ban + Imapct,,"50.000,00",,Tambal Ban Lubung Pangan Lasem,,,,,,,,
,"Minggu, 19 April 2026",Marset Ban Ori Bekas,1 pcs,"50.000,00",,Mr. Ban Kaliori,Ban Tronton Dalam Kanan Bocor Marset Ngelempit,,,,,,,
,,Marset Ban Doublean ,1 pcs,"35.000,00",,Mr. Ban Kaliori,,,,,,,,
,,Impact+Tambal+Dongkrak,,"70.000,00",,Mr. Ban Kaliori,,,,,,,,
,"Kamis, 30 April 2026",Tambah Angin + Impek 2 Roda Tronton Kanan,,"50.000,00",,Lingkar Demak,Ban Tronton Dalam Kanan Bawaan (Ban April 2024) Pecah Samping + Velg Pecah,,,,,,,
,"Kamis, 30 April 2026",Pak Udin Pengurus SILOG,,"0,00",,SILOG,"Perbulan tiap tanggal 25 (Bulan Februari, Maret Pending, April Stop bikin 0)",,,,,,,
,,,,,,,,,,,,,,
,"Minggu, 3 Mei 2026",Ban Duraturn 1100 Set 09/26 2pcs (6032902274 6032902112) KM648.395,2 pcs,"8.600.000,00",,Bakoel Ban Truk Demak,"Ban Engkel Dalam Pecah 1 (Ban lama bawan Truk) Cadangan Tambah 1, sm Bekas Iyus 1. Ban baru pasang didepan, depan turun ke engkel kanan",,,,,,,
,,Marset Tipis Untuk Doubelan,2 pcs,"60.000,00",,Bakoel Ban Truk Demak,,,,,,,,
,"Minggu, 3 Mei 2026","Bongkar Pasang Ban Baru Depan, Belakang Engkel Kanan",4 pcs,"100.000,00",,Tambal Ban Kotak Demak,,,,,,,,
,,Impact ,4 pcs,"80.000,00",,Tambal Ban Kotak Demak,,,,,,,,
,"Selasa, 5 Mei 2026",Stempet Komplit,,"50.000,00",,Tambal SIS Putri Kembar Rembang,,,,,,,,
,,Semprot Radiator + Filter Udara,,"25.000,00",,Tambal SIS Putri Kembar Rembang,,,,,,,,
,,Ganti Filter Solar Bawah,,"25.000,00",,Tambal SIS Putri Kembar Rembang,"KM GPS 649.233, Stok Filter Atas 1 Bawah 0",,,,,,,
,"Rabu, 6 Mei 2026",Tambel + Impact,,"60.000,00",,Tambal Teguh Jaya Pati,"Bocor Tronton Kiri Dalam, MARSET rusak semua",,,,,,,
,,Marset + Doubelan Marset,,"130.000,00",,Tambal Teguh Jaya Pati,Baut Patah 2,,,,,,,
,"Jumat, 8 Mei 2026",STNK 11/12,,"900.000,00",,,,,,,,,,
,"Rabu, 13 Mei 2026",GPS Easygo (SI) 10/12,,"122.100,00",,,,,,,,,,
,"Rabu, 13 Mei 2026",GPS Inova Track (SBI) 9/12,,"166.500,00",,,,,,,,,,
,"Minggu, 10 Mei 2026",Impact ,,"35.000,00",,Tambal Ban Dulur Demak,,,,,,,,
,,Jasa Dongkrak,,"10.000,00",,Tambal Ban Dulur Demak,,,,,,,,
,"Selasa, 12 Mei 2026",Bongkar Pasang Ban,,"25.000,00",,Tambal Ban Adi Jaya Tuban,,,,,,,,
,"Minggu, 24 Mei 2026",Ganti Baut Roda + Impcat,2 pcs,"100.000,00",,Tambal Ban Kotak Demak,"Pakai 2 Stok Baut Roda, Sisa stock baut roda 2 pcs kanan",,,,,,,
,"Senin, 25 Mei 2026",Service Kunci Pintu Tidak Bisa Dibuka,,"200.000,00",,Ambarawa ,,,,,,,,
,"Kamis, 28 Mei 2026",Handle Pintu Kiri,1 pcs,"70.000,00",,Mbah Datuk,Patah,,,,,,,
,,Seal Tromol Belakang Kanan,1 pcs,"80.000,00",,Mbah Datuk,,,,,,,,
,,Stempet Rotari,2 pcs,"100.000,00",,Mbah Datuk,,,,,,,,
,,Sunduk Per Belakang Kanan,1 pcs,"70.000,00",,Mbah Datuk,"Patah, per geser",,,,,,,
,,Klaker Atau Bearing Belakang Luar Kanan Koyo 32217,1 pcs,"500.000,00",,Mbah Datuk,,,,,,,,
,,Bushing Perseneling Wakasa,1 pcs,"100.000,00",,Mbah Datuk,,,,,,,,
,,Jasa Ganti Sunduk Per Belakang,,"300.000,00",,Mbah Datuk,,,,,,,,
,,"Jasa Stel Rem, Handrem, Bearing, Bushing Perseneling",,"150.000,00",,Mbah Datuk,,,,,,,,
,,,,,,,,,,,,,,
,"Rabu, 3 Juni 2026",Kontrol Angin,,"20.000,00",,Adi Jaya Ban,,,,,,,,
,,Semprot Filter Udara,,"15.000,00",,Adi Jaya Ban,,,,,,,,
,,Semprot Filter Hore,,"10.000,00",,Adi Jaya Ban,,,,,,,,
,,Semprot Radiator ,,"20.000,00",,Adi Jaya Ban,,,,,,,,
,"Sabtu, 6 Juni 2026",Kir Mas Mawan,,"75.000,00",,,,,,,,,,
,"Minggu, 7 Juni 2026",Cuci Truk,,"70.000,00",,Haji Mudjianto Tuban,,,,,,,,
,,HCL ,2 pcs ,"40.000,00",,Haji Mudjianto Tuban,,,,,,,,
,,Jasa Cuci HCL,,"50.000,00",,Haji Mudjianto Tuban,,,,,,,,
,"Senin, 8 Juni 2026",STNK 12/12,,"900.000,00",,,,,,,,,,
,"Selasa, 9 Juni 2026",Filter Solar Bawah HOP,1 pcs,"170.000,00",,Lancar Jenu,"Stok filter solar atas 1 beli di- Nova, Bawah 1 beli di- Nova",,,,,,,
,"Selasa, 16 Juni 2026",Filter Solar Bawah HOP,1 pcs,"100.000,00",,Temen mas Rul,"Stok filter solar atas 1, Bawah 2",,,,,,,
,"Selasa, 16 Juni 2026",GPS Easygo (SI) 11/12,,"122.100,00",,,,,,,,,,
,"Selasa, 16 Juni 2026",GPS Inova Track (SBI) 10/12,,"166.500,00",,,,,,,,,,
,,Pak Udin Stop,,"300.000,00",,,,,,,,,,
,,,,,,,,,,,,,,
,"Sabtu, 4 Juli 2026",Meditran SX 14 Liter,14 liter,"910.000,00",,Mbah Datuk,KM GPS 656.062,,,,,,,
,,Filter Oli,1 pcs,"0,00",,Nova,Stok Filter Oli 0,,,,,,,
,,Seal Tromol,1 pcs,"90.000,00",,Mbah Datuk,,,,,,,,
,,Stempet Rotari,2 pcs,"120.000,00",,Mbah Datuk,,,,,,,,
,,Repair Kit Snel Rem,1 pcs,"350.000,00",,Mbah Datuk,,,,,,,,
,,Minyak Rem Jumbo,1 pcs,"80.000,00",,Mbah Datuk,,,,,,,,
,,Jasa Ganti Karet Stabil ,4 pcs ,"200.000,00",,Mbah Datuk,,,,,,,,
,,Jasa Ganti Seal Tromol Rem Depan,1 pcs,"150.000,00",,Mbah Datuk,,,,,,,,
,,"Servis Oli Mesin, Filter Oli, Filter Solar Atas Bawah",1 pcs,"100.000,00",,Mbah Datuk,"KM GPS 656.062, Stok filter solar atas 0, Bawah 1",,,,,,,
,,Jasa Ganti Snel Rem,1 pcs,"250.000,00",,Mbah Datuk,,,,,,,,
,"Rabu, 8 Juli 2026",STNK 1/12 2026,,"900.000,00",,,,,,,,,,
,"Senin, 13 Juli 2026",Ban Duraturn 1100,1 pcs,"4.323.780,00",,Shopee,,,,,,,,
,,Ban Duraturn 1100,1 pcs,"4.342.150,00",,Shopee,,,,,,,,
,"Senin, 13 Juli 2026",Bongkar Pasang Ban Baru,2 pcs,"80.000,00",,Adi Jaya Iyus,,,,,,,,
,,Oper Ban,2 pcs,"60.000,00",,Adi Jaya Iyus,,,,,,,,
,,Jasa Bongkar Pasang Baut Roda ,,"50.000,00",,Adi Jaya Iyus,,,,,,,,
,,Kontrol Angin,,"20.000,00",,Adi Jaya Iyus,,,,,,,,
,,Semprot Filter ,,"10.000,00",,Adi Jaya Iyus,,,,,,,,
,,Semprot Radiator ,,"20.000,00",,Adi Jaya Iyus,,,,,,,,
,"Kamis, 16 Juli 2026",Cuci HCL,,"120.000,00",,Haji Mudjianto Tuban,,,,,,,,
,"Kamis, 16 Juli 2026",GPS Easygo (SI) 12/12,,"122.100,00",,,,,,,,,,
,"Kamis, 16 Juli 2026",GPS Inova Track (SBI) 11/12,,"166.500,00",,,,,,,,,,
,"Kamis, 16 Juli 2026",Karet Stabil Sudah Dipasang,2 pcs,"100.000,00",,Temen Mas Yon,,,,,,,,
,"Senin, 20 Juli 2026",Valve Tangki,2 pcs,"400.000,00",,Temen Mas Rul,Beli April ,,,,,,,
,,Jasa Ganti Valve,2 pcs,"100.000,00",,Pak Yanto Tangki,,,,,,,,
,,Perbaikkan Ganti Kaca Kontrol Oli Hori,1 pcs,"100.000,00",,Pak Yanto Tangki,Rembes oli dari kaca intip,,,,,,,
,,Las Pipa Pendorong,1 pcs,"100.000,00",,Pak Yanto Tangki,,,,,,,,
,"Rabu, 22 Juli 2026",Servis Radiator Sogrok + Tambal Bocor + Storing + Bongkar Pasang,,"380.000,00",,Enggal Maju Tuban,,,,,,,,
,"Kamis, 23 Juli 2026",Coolant Hikari,4 pcs,"158.710,00",,Shopee,Stok Coolant,,,,,,,
,"Kamis, 23 Juli 2026",Packing Head Marusan,1 pcs,"1.000.000,00",,Jaya Subur,,,,,,,,
,,Lem Gasket,1 pcs,"45.000,00",,Jaya Subur,,,,,,,,
,,Lem Treebon,2 pcs,"70.000,00",,Jaya Subur,,,,,,,,
,,Ongkos Kirim,,"85.000,00",,Jaya Subur,,,,,,,,
,,Jasa Ganti Packing Head dan Storing,,"1.200.000,00",,Pak Po,,,,,,,,
,,Makan tim pak Po,,"95.000,00",,Pak Po,,,,,,,,
,,Bensin bersih-bersih,,"20.000,00",,Pak Po,,,,,,,,
,"Sabtu, 25 Juli 2026",Baut Roda Baru,3 pcs,"195.000,00",,Adi Jaya Ban Iyus,,,,,,,,
,,Jasa Bongkar Pasangan Baut Roda Engkel Kanan,4 pcs,"150.000,00",,Adi Jaya Ban Iyus,"Stok Baut Roda Belakang Kanan Habis, Terpakai 1. Sisa Kiri 5 pcs",,,,,,,
,"Minggu, 26 Juli 2026",Repair Valve Ganti Karet,2 pcs,"400.000,00",,Pak Yanto Tangki,,,,,,,,
,,Bongkar Pasang Valve Nomer 1 Kena Besi (Ganti 1 Valve Repair),1 pcs,"50.000,00",,Pak Yanto Tangki,,,,,,,,
,"Senin, 27 Juli 2026",Vet Komplit,,"60.000,00",,Sis Putri Kembar,,,,,,,,
,,,,,,,,,,,,,,
,"Sabtu, 8 Agustus 2026",Lampu LED Rem,2 pcs,"80.000,00",,RSP Electric Diki,,,,,,,,
,"Sabtu, 8 Agustus 2026",STNK 2/12 2026,,"900.000,00",,,,,,,,,,
,"Rabu, 12 Agustus 2026",Baut Roda Belakang Kanan,1 pcs ,"65.000,00",,Adi Jaya Ban Iyus,,,,,,,,
,,Ongkos Bongkar Pasang Baut Roda+Kontrol Baut Roda Semua,,"70.000,00",,Adi Jaya Ban Iyus,,,,,,,,
,,Kontrol Angin,,"20.000,00",,Adi Jaya Ban Iyus,,,,,,,,
,,Semprot Filter ,,"10.000,00",,Adi Jaya Ban Iyus,,,,,,,,
,,Semprot Filter Udara,,"20.000,00",,Adi Jaya Ban Iyus,,,,,,,,
,"Jumat, 14 Agustus 2026",Ban Dalam Baru GT (Stir Kanan Rusak),1 pcs ,"270.000,00",,Bang Trisz Pati,,,,,,,,
,,Pasang+Impact,,"50.000,00",,,,,,,,,,
,"Minggu, 16 Agustus 2026",GPS Easygo (SI) 1/12,,"122.100,00",,,,,,,,,,
,"Minggu, 16 Agustus 2026",GPS Inova Track (SBI) 12/12,,"166.500,00",,,Stop GPS ,,,,,,,
,"Rabu, 19 Agustus 2026",Baut Roda Belakang Kanan,2 pcs,"90.000,00",,Lancar Jenu,,,,,,,,
,,Meditran SX 4 Liter,1 galon,"300.000,00",,Lancar Jenu,,,,,,,,
,"Jumat, 21 Agustus 2026",Pasang Ban serep+Impact Tronton Kanan,,"30.000,00",,Putra Pantura Kudus,,,,,,,,
,,Kontrol Angin,,"25.000,00",,,,,,,,,,
,"Senin, 24 Agustus 2026",Kerok Semen Lengket,,"125.000,00",,Parkiran Tuban,Jasa 250.000 dibagi 2,,,,,,,
,"Rabu, 26 Agustus 2026",Kontrol Angin,,"40.000,00",,Ketapang Jaya Glondonggede,,,,,,,,
,"Rabu, 26 Agustus 2026",Cuci Truk,,"70.000,00",,Asiyah Tuban,,,,,,,,
,,HCL ,1 pcs ,"20.000,00",,Asiyah Tuban,,,,,,,,
,,Jasa Cuci HCL,,"50.000,00",,Asiyah Tuban,,,,,,,,
,,,,,,,,,,,,,,
,"Selasa, 1 September 2026",Kontrol Ban,,"20.000,00",,Adi Jaya Ban Iyus,,,,,,,,
,,Semprot Filter Udara,,"10.000,00",,Adi Jaya Ban Iyus,,,,,,,,
,,Semprot Radiator,,"20.000,00",,Adi Jaya Ban Iyus,,,,,,,,
,"Selasa, 1 September 2026",Las Kendangan Knalpot + Ganti Baut Gantungan Knalpot,,"150.000,00",,Pak Nor Tuban,,,,,,,,
,,Las Kerekan Ban Cadangan,,"50.000,00",,Pak Nor Tuban,,,,,,,,
,,,,,,,,,,,,,,
,"Rabu, 2 September 2026",Cuci Bagi 2 Kena Batu Bara Lagi,,"45.000,00",,,,,,,,,,
,,UJ Kosongan SI Tuban ke SI Rembang,,"200.000,00",,,,,,,,,,
,,,,,,,,,,,,,,
,,,,,,,,,,,,,,
,"Senin, 7 September 2026",Ganti Couple PTO Hori + Storing Lasem Rembang ,,"350.000,00",,Pak Muri Rembang,,,,,,,,
,,Flange Couple Joint PTO Hori,,"300.000,00",,Pak Muri Rembang,,,,,,,,
,,Ring + Mur,,"5.000,00",,Pak Muri Rembang,,,,,,,,
,"Selasa, 8 September 2026",STNK 3/12 2026,,"900.000,00",,,,,,,,,,
,"Rabu, 9 September 2026",Tambal Ban Engkel Kanan + Impact,,"70.000,00",,Tambal Ban Dua Putra,,,,,,,,
,"Sabtu, 12 September 2026",Baut Roda Belakang Kanan,3 pcs ,"50.000,00",,Lancar Motor Rembang,"Stok Baut Roda Belakang Kanan 3 pcs, Kiri 5 pcs",,,,,,,
,,Meditran SX 4 Liter,1 galon,"280.000,00",,Lancar Motor Rembang,,,,,,,,
,,Kabel Penghubung Aki,1 pcs ,"75.000,00",,Lancar Motor Rembang,,,,,,,,
,,Filter Solar Atas HOP,1 pcs ,"45.000,00",,Lancar Motor Rembang,"Stok filter solar atas 1, Bawah 2",,,,,,,
,,Filter Solar Bawah HOP,1 pcs ,"165.000,00",,Lancar Motor Rembang,,,,,,,,
,"Rabu, 16 September 2026",GPS Easygo (SI) 2/12,,"122.100,00",,,,,,,,,,
,,,,,,,,,,,,,,
,,,,"689.577.306,01","47.500,00",,,,,,,,,
,,,Total ,"689.624.806,01",,,,,,,,,,
,,,,,,,,,,,,,,
,,,Truk,"530.000.000,00",,,,,,,,,,
,,,STNK + Jasa Lain2,"14.340.000,00","47.500,00",,,,,,,,,
,,,GPS,"850.000,00",,,,,,,,,,
,,,Juni,"31.739.698,00",,,,,,,,,,
,,,Juli,"6.610.600,00",,,,,,,,,,
,,,Agustus ,"6.440.900,00",,,,,,,,,,
,,,September ,"7.551.152,00",,,,,,,,,,
,,,Oktober,"12.600.977,01",Ban Terjual 2.000.000,,,,,,,,,
,,,November,"3.490.939,00","1.509.061,00",,,,,,,,,
,,,Desember,"6.543.600,00","-5.034.539,00",,,,,,,,,
,,,Januari 2026,"7.668.600,00",,,,,,,,,,
,,,Februari 2026,"10.702.600,00",,,,,,,,,,
,,,Maret 2026,"4.725.600,00",,,,,,,,,,
,,,April 2026,"2.773.600,00",,,,,,,,,,
,,,Mei 2026,"12.058.600,00",,,,,,,,,,
,,,Juni 2026,"1.458.600,00","3.541.400,00",Pak Udin Stop 300.000,,,,,,,,
,,,Juli 2026,"13.631.840,00",,,,,,,,,,
,,,Agustus 2026,"2.523.600,00",,,,,,,,,,
,,,September 2026,"2.857.100,00",,,,,,,,,,
,,,,,,,,,,,,,,
,,,,,,,,,,,,,,
,,,,,,,,,,,,,,
,,,Total Koreksi,"678.615.506,01",,April Khusus Mas Dhian Tgl 1-23,April Khusus Mas Dhian Tgl 1-23,,,,,,,
,,,Perbaikkan dari 25 Juli,"8.496.400,00",,"2.723.600,00","50.000,00",,,,,,,
,,,Sebelum 25 Juli,"670.119.106,01",,,,,,,,,,
,,,Total Koreksi Dari 25 Juli,"678.615.506,01",,,,,,,,,,
,,,,,,,,,,,,,,
,,,Perbaikkan dari 25 Sep,"680.000,00",,,,,,,,,,