NO,TANGGAL,PENGELUARAN,,NOMINAL,KETERANGAN ,Keterangan Perbaikan ,,,,,,,
,"Jumat, 29 Agustus 2025",DP Truk H 8183 OF,,"13.851.000,00",Kudus,,,,,,,,
,"Sabtu, 6 September 2025",Pembayaran Truk Ke 1,,"100.000.000,00",Kudus,,,,,,,,
,"Sabtu, 31 Mei 2025",Pembayaran Truk Ke 2,,"115.000.000,00",Tuban ,,,,,,,,
,"Kamis, 5 Juni 2025",GPS Idtrack Truk 1 Tahun,1 Tahun,"850.000,00",,,,,,,,,
,"Kamis, 5 Juni 2025",Jasa Mas Mawan Pengambilan Truk ,,"500.000,00",Plumpung Tuban,,,,,,,,
,,Jasa Sopir Truk,,"300.000,00",Plumpung Tuban,,,,,,,,
,,Solar Truk Pertama,,"350.000,00",,,,,,,,,
,,,,,,,,,,,,,
,,,,,,,,,,,,,
,,,,,,,,,,,,,
,,,,,,,,,,,,,
,,,,,,,,,BBM Perjalanan,,"228.752,00",,Bekasi
,,,,,,,,"Minggu, 1 Juni 2025",Hotel Front One,,"800.000,00",,Gresik
,,,,,,,,"Senin, 2 Juni 2025",BBM Perjalanan,,"301.784,00",,Gresik
,,,,,,,,"Rabu, 4 Juni 2025",BBM Perjalanan,,"593.700,00",,Batang
,,,,,,,,,,,"1.924.236,00",,
,,,,,,,,,,,,,
,,,,,,,,,,,,,
,,,,,,,,,,,,,
,,,,,,,,,,,,,
,,,,,,,,,,,,,
,,,,,,,,,,,,,
,,,,,,,,,,,,,
,,,,,,,,,,,,,
,,,,,,,,,,,,,
,,,,,,,,,,,,,
,,,,,,,,,,,,,
,,,,,,,,,,,,,
,,,,,,,,,,,,,
,,,,,,,,,,,,,
,,,,,,,,,,,,,
,,,,,,,,,,,,,
,,,,,,,,,,,,,
,,,,,,,,,,,,,
,,,,,,,,,,,,,
,,,,,,,,,,,,,
,,,,,,,,,,,,,
,,,,,,,,,,,,,
,,,,,,,,,,,,,
,,,,,,,,,,,,,
,,,,,,,,,,,,,
,,,,,,,,,,,,,
,,,,,,,,,,,,,
,,,,,,,,,,,,,
,,,,,,,,,,,,,
,,,,,,,,,,,,,
,,,,,,,,,,,,,
,,,,,,,,,,,,,
,,,,,,,,,,,,,
,,,,,,,,,,,,,
,,,,,,,,,,,,,
,,,,,,,,,,,,,
,,,,,,,,,,,,,
,,,,,,,,,,,,,
,,,,,,,,,,,,,
,,,,,,,,,,,,,
,,,,,,,,,,,,,
,,,,,,,,,,,,,
,,,,,,,,,,,,,
,,,,,,,,,,,,,
,,,,,,,,,,,,,
,,,,,,,,,,,,,
,,,,,,,,,,,,,
,"Rabu, 1 Oktober 2025",Setting Klep,,"200.000,00",,Novan Silog,Setting tanggal 27 Sep 25,,,,,,
,,,,,,,,,,,,,
,,,,,,,,,,,,,
,"Selasa, 7 Oktober 2025",Baut Roda Depan Kanan,1 pcs,"35.161,67",Shopee,Stock Depan Kanan 1,,,,,,,
,,Baut Roda Depan Kiri,1 pcs,"35.161,67",Shopee,Stock Depan Kiri 1,,,,,,,
,,,,,,,,,,,,,
,"Sabtu, 11 Oktober 2025",Segitiga Pengaman ,1 pcs,"34.223,50",Shopee,Persiapan masuk SBI,,,,,,,
,,,,,,,,,,,,,
,,,,,,,,,,,,,
,,,,,,,,,,,,,
,,,,,,,,,,,,,
,,,,,,,,,,,,,
,,,,,,,,,,,,,
,,,,,,,,,,,,,
,"Sabtu, 21 Juni 2025",Lampu Mundur Bulat,1 pcs,"57.440,00",Shopee,Persiapan masuk SBI,,,,,,,
,,Alarm Mundur Truk+Socket Fuse,1 pcs,"46.250,00",Shopee,Persiapan masuk SBI,,,,,,,
,"Sabtu, 25 Oktober 2025",Pak Udin Pengurus SILOG,,"150.000,00",SILOG,Perbulan tiap tanggal 25 ,,,,,,,
,,,,,,,,,,,,,
,"Senin, 27 Oktober 2025",Lampu Tembak,2 pcs,"170.000,00",RSP Electric,,,,,,,,
,,Rellay Bosch Stop Engine,1 pcs,"45.000,00",RSP Electric,Tidak bisa start dan stop engine,,,,,,,
,,Switch Sensor Speed,1 pcs,"225.000,00",RSP Electric,Speed Sensor Rusak,,,,,,,
,,Lampu Utama Kiri H4 Hella,1 pcs,"45.000,00",RSP Electric,Konslet Dim Terus,,,,,,,
,,Fitting Lampu,1 pcs,"5.000,00",RSP Electric,,,,,,,,
,,Dop Engkel,1 pcs,"3.000,00",RSP Electric,,,,,,,,
,,Kabel,4 meter,"20.000,00",RSP Electric,,,,,,,,
,,"Jasa Perbaikkan Lampu Mundur, Alarm Mundur, Stop Engine, Lampu Tembak, Speedometer, Lampu Utama, Sein Kanan",,"450.000,00",RSP Electric,,,,,,,,
,"Selasa, 28 Oktober 2025",Impact Ban Tronton Kanan Dalam Pecah,1 pcs,"30.000,00",Doktor Ban Rembang ,Ganti Cadangan,,,,,,,
,"Selasa, 28 Oktober 2025",Ban Profit GITI 1000 Kawat Set + 2 Marset Tipis,2 pcs,"6.850.000,00",Caping Ban Demak,"Ban Bekas Pecah 2, Pasang Tronton Kanan",,,,,,,
,"Rabu, 29 Oktober 2025",Regulator Kaca Kanan,1 pcs,"300.000,00",Fajar Motor Rembang,Kaca Macet,,,,,,,
,,Neple Selang ,1 pcs,"35.000,00",Fajar Motor Rembang,Buat Kran Angin,,,,,,,
,,Jasa Perbaikan Regulator Kaca Kanan,1 pcs,"150.000,00",Teman Mas Rul,,,,,,,,
,"Jumat, 31 Oktober 2025",Lampu Tembak,1 pcs,"85.000,00",RSP Electric,Mati 1 kena banjir ,,,,,,,
,"Jumat, 31 Oktober 2025",STNK 3/12,,"400.000,00",,,,,,,,,
,,,,,,,,,,,,,
,"Sabtu, 1 November 2025",Oli Rem Jumbo 1 Liter,1 pcs,"85.000,00",RSP Electric,,,,,,,,
,"Senin, 3 November 2025",Filter Solar Atas,1 pcs,"50.000,00",Jaya Subur,,,,,,,,
,,Coolant Hikari 5 Liter,1 galon,"35.000,00",Jaya Subur,,,,,,,,
,,Tutup Radiator Ori,1 pcs,"75.000,00",Jaya Subur,Karet sudah rusak,,,,,,,
,,Bos Boogie Lohan Kanan,2 pcs,"170.000,00",Jaya Subur,Boogie/Trunion Kanan ,,,,,,,
,,Kawel Lohan ,2 pcs,"350.000,00",Jaya Subur,,,,,,,,
,"Senin, 3 November 2025",Jasa Setting Mesin,,"250.000,00",Pak Dedi Tuban,,,,,,,,
,,Jasa Bongkar Pasang Vacum Boost Pump + Setting Vacum,,"200.000,00",Pak Dedi Tuban,,,,,,,,
,,Storing,,"100.000,00",Pak Dedi Tuban,,,,,,,,
,"Selasa, 4 November 2025",Tambal Ban Kanan Depan + Impact,,"65.000,00",Putra Nusantara Rembang ,Ban Kanan Depan Bocor Marset Lipat,,,,,,,
,,Marset,,"35.000,00",Putra Nusantara Rembang ,,,,,,,,
,"Kamis, 6 November 2025",Impact Tuker Ban Cadangan ,,"20.000,00",Putra Nusantara Rembang ,Ban Kanan Depan Bocor Marset Lipat,,,,,,,
,"Jumat, 7 November 2025",Tuker Tambah Velg Bekas,,"650.000,00",Rizky Jaya Ban Sluke,Velg cadangan dituker tambah,,,,,,,
,,Tambal + Impact,,"45.000,00",Rizky Jaya Ban Sluke,,,,,,,,
,,Jasa Bongkar Pasang,,"40.000,00",Rizky Jaya Ban Sluke,,,,,,,,
,,Marset,,"40.000,00",Rizky Jaya Ban Sluke,,,,,,,,
,"Sabtu, 8 November 2025",Spion Tanduk Kiri,,"100.000,00",Las 5758 Rembang ,,,,,,,,
,"Minggu, 9 November 2025",Tambal Ban Kanan Depan + Impact,,"50.000,00",Dina Sluke,Ban Kanan Depan Bocor Baut,,,,,,,
,"Selasa, 11 November 2025",Las Tamper Per Belakang,,"150.000,00",Pak Nor Tuban,Per Renggang,,,,,,,
,,Las Bumper Pipa Tambahan Belakang,,"50.000,00",Pak Nor Tuban,Kena Ganjel di KH,,,,,,,
,"Selasa, 11 November 2025",Cuci Truk,,"70.000,00",Asiyah  Tuban,,,,,,,,
,,HCL ,2 pcs ,"40.000,00",Aisyah  Tuban,,,,,,,,
,,Jasa Cuci HCL,,"50.000,00",Asiyah  Tuban,,,,,,,,
,"Rabu, 19 November 2025",Karet Stabil HOP Ori,4 pcs ,"1.000.000,00",Jaya Subur,Karet Aus,,,,,,,
,,Karet Stoper Belakang,2 pcs ,"200.000,00",Jaya Subur,,,,,,,,
,,Bongkar Pasang Karet Stabil/Dingdong Belakang ,4 pcs ,"200.000,00",Mbah Datuk Tuban,,,,,,,,
,,Jasa Kirim Part,,"50.000,00",Mbah Datuk Tuban,,,,,,,,
,"Rabu, 19 November 2025",Las Kenteng Spakbor Kiri Belakang,,"200.000,00",Pak Nor Tuban,,,,,,,,
,,Las Karbit Sok Pipa & Kendangan Knalpot,,"130.000,00",Pak Nor Tuban,,,,,,,,
,"Jumat, 21 November 2025",Las Tambahan Plat Bantalan Per Belakang ,2 pcs,"200.000,00",Pak Nor Tuban,,,,,,,,
,"Jumat, 21 November 2025",Service Doorlock Pintu Kanan Tidak Bisa Dibuka ,,"50.000,00",Mbah Datuk Tuban,,,,,,,,
,"Senin, 24 November 2025",Kontrol Angin,,"20.000,00",Adi Jaya Ban Iyus,,,,,,,,
,,Semprot Filter Udara Mesin,,"10.000,00",Adi Jaya Ban Iyus,,,,,,,,
,,Semprot Radiator,,"20.000,00",Adi Jaya Ban Iyus,,,,,,,,
,"Senin, 24 November 2025",Las Pasangan Kanal Pengaman Kiri ,2 pcs,"150.000,00",Pak Nor Tuban,,,,,,,,
,,Las Pembuatan Tempat Drigen Solar,,"50.000,00",Pak Nor Tuban,,,,,,,,
,"Senin, 24 November 2025",Jasa Setting Vacum Boost Pump dari 10 ke 12 + Gas & Storing ,,"250.000,00",Pak Dedy Tuban,,,,,,,,
,,Ganti Filter Solar Bawah,,"0,00",Pak Dedy Tuban,GPS 248.553 KM,,,,,,,
,"Selasa, 25 November 2025",Pak Udin Pengurus SILOG,,"150.000,00",SILOG,Perbulan tiap tanggal 25 ,,,,,,,
,"Minggu, 30 November 2025",STNK 4/12,,"400.000,00",,,,,,,,,
,,,,,,,,,,,,,
,"Kamis, 4 Desember 2025",Stempet,,"50.000,00",Tambal Ban Putra Nusantara Rembang,,,,,,,,
,"Senin, 8 Desember 2025",Sporing Stir,,"150.000,00",Tambal Ban SIS Rembang,,,,,,,,
,,Stempet Boogie + Per,,"20.000,00",Tambal Ban SIS Rembang,,,,,,,,
,,,,,,,,,,,,,
,"Rabu, 10 Desember 2025",Tambal Ban Impact,,"60.000,00",Tambal Barokah Pati,Bocor Kena Plat,,,,,,,
,,Kampas,,"15.000,00",Tambal Barokah Pati,,,,,,,,
,"Jumat, 12 Desember 2025",Bongkar Pasang Impact,,"60.000,00",Tambal Ban SIS Rembang,,,,,,,,
,,Ganti Baut Roda,,"50.000,00",Tambal Ban SIS Rembang,,,,,,,,
,,Press Ban Luar,,"150.000,00",Tambal Ban SIS Rembang,,,,,,,,
,"Kamis, 18 Desember 2025",Perbaikkan Radiator + nambal bocor + press upper tank,,"380.000,00",Enggal Maju Jenu,Radiator Bocor Keropos,,,,,,,
,,Filter Solar Bawah,1 pcs,"100.000,00",Mbah Datuk,Stok Filter Solar Bawah 1 pcs,,,,,,,
,,Servis Perpak PTO Bocor,,"150.000,00",Mbah Datuk,,,,,,,,
,,Servis Jaring Hori Bocor ,,"100.000,00",Mbah Datuk,,,,,,,,
,,Ganti Karet Stopper Belakang,2 Pcs,"100.000,00",Mbah Datuk,,,,,,,,
,,Baut 12 Baja,4 pcs,"20.000,00",Mbah Datuk,Baut Patah,,,,,,,
,,Service Cross Joint Hori,,"100.000,00",Mbah Datuk,Baut Patah,,,,,,,
,"Kamis, 18 Desember 2025",Ganti Arslet No 4,"1,2m2","1.400.000,00",Pak Yanto Pereng,Sobek Bongkaran Lam,,,,,,,
,,Jasa Bongkar Pasang,,"450.000,00",Pak Yanto Pereng,,,,,,,,
,"Selasa, 23 Desember 2025",Tambal Ban Engkel Kanan Dalam,,"65.000,00",Guntur Putra Juwana,Velg Engkel Kanan  DalamPecah,,,,,,,
,,Bongkar Pasang Ban Impact ,,"50.000,00",Guntur Putra Juwana,,,,,,,,
,,Tambah Angin ,,"25.000,00",Guntur Putra Juwana,,,,,,,,
,"Rabu, 24 Desember 2025",Oper Velg Beli Bekas ,,"30.000,00",Hj. Tarsilah,Tuker Velg Cadangan,,,,,,,
,"Kamis, 25 Desember 2025",Pak Udin Pengurus SILOG,,"150.000,00",SILOG,Perbulan tiap tanggal 25 ,,,,,,,
,"Kamis, 25 Desember 2025",Seal Rem Belakang,4 pcs,"80.000,00",Mbah Datuk,,,,,,,,
,,Willbut / Tutup Debu,4 pcs,"80.000,00",Mbah Datuk,,,,,,,,
,,Stempet Rotari,2 pcs,"90.000,00",Mbah Datuk,,,,,,,,
,,Minyak Rem Jumbo,1 pcs,"70.000,00",Mbah Datuk,,,,,,,,
,,Ledeng Rem 1 Meter,,"40.000,00",Mbah Datuk,,,,,,,,
,,Seal Tromol Belakang,1 pcs,"70.000,00",Mbah Datuk,,,,,,,,
,,Pompa Solar,1 pcs,"80.000,00",Mbah Datuk,,,,,,,,
,,Jasa Bongkar Pasang Seal Rem Belakang Kanan Kiri Tronton,,"400.000,00",Mbah Datuk,,,,,,,,
,,Las Kuningan Ledeng Rem,,"60.000,00",Mbah Datuk,,,,,,,,
,,Ledeng Rem + Pompa Solar,,"50.000,00",Mbah Datuk,,,,,,,,
,"Kamis, 25 Desember 2025",Tuker Tambah Velg,,"600.000,00",Temen Mas Rul,Velg Pecah,,,,,,,
,"Sabtu, 27 Desember 2025",Perbaikkan Dinamo Wiper ,,"50.000,00",Temen Mas Rul,,,,,,,,
,"Minggu, 30 November 2025",STNK 5/12,,"400.000,00",,,,,,,,,
,,,,,,,,,,,,,
,"Selasa, 6 Januari 2026",Air Aki,1.5 liter ,"15.000,00",RSP Electric,,,,,,,,
,,Perbaikkan Indikator Level Air Radiator+Storing,,"200.000,00",RSP Electric,,,,,,,,
,"Selasa, 6 Januari 2026",Kaca Kanan Anjlok,,"100.000,00",Mbah Datuk,,,,,,,,
,"Rabu, 7 Januari 2026",Bongkar Pasang Ban Kanan Depan Bocor,,"50.000,00",Sanjaya Ban Pati,,,,,,,,
,,Marset,,"50.000,00",Sanjaya Ban Pati,,,,,,,,
,,Ban Dalam Profit ,,"200.000,00",Kembar Ban Pati,,,,,,,,
,"Rabu, 7 Januari 2026",Radiator Baru PTC RA0341,,"2.100.000,00",Indah Jaya Kudus,Bocor Lagi,,,,,,,
,,Jasa Ganti Radiator ,,"250.000,00",Mitra Diesel ,,,,,,,,
,,Coolant Mega Cool,2 Galon,"150.000,00",Mitra Diesel ,,,,,,,,
,,Coolant Master,2 Galon,"200.000,00",Mitra Diesel ,,,,,,,,
,,Coolant Mega Cool,2 Galon,"150.000,00",Mitra Diesel ,Jebol Klem,,,,,,,
,,Klem,2 pcs ,"30.000,00",Mitra Diesel ,,,,,,,,
,"Kamis, 8 Januari 2026",Ban Profit ADVANCE 1000 Kawat Set,2 pcs,"6.650.000,00",Caping Ban Demak,Ban Bekas Depan Bocor Terus & Tipis,,,,,,,
,,Ban Depan Bekas Dijual,2 pcs,"1.000.000,00",Tambal Ban Caping Ban Demak,,,,,,,,
,,Jasa Ganti Ban,,"35.000,00",Tambal Ban Caping Ban Demak,,,,,,,,
,,Tambal Ban,,"45.000,00",Tambal Ban Caping Ban Demak,,,,,,,,
,"Kamis, 8 Januari 2026",Stempet,,"50.000,00",Mbah I Rembang,,,,,,,,
,"Jumat, 9 Januari 2026",Coolant Hikari,1 Galon,"35.000,00",Jaya Subur,,,,,,,,
,"Jumat, 9 Januari 2026",3 Ban 1000 bekasi Pengganti Dari Iyu Dijual,3 pcs,"2.400.000,00",Mas Mawan,Belum Bayar ,,,,,,,
,"Selasa, 13 Januari 2026",GPS Easygo (SI) 6/12,,"122.100,00",,,,,,,,,
,"Selasa, 13 Januari 2026",GPS Inova Track (SBI) 5/12,,"166.500,00",,,,,,,,,
,"Rabu, 14 Januari 2026",Switch Level Radiator ,,"185.000,00",RSP Elctric,GPS 254.165 KM,,,,,,,
,,Ganti Filter Solar Atas Bawah + Storing,,"100.000,00",,,,,,,,,
,"Rabu, 14 Januari 2026",Per Bekas Terjual,2 pcs,"1.300.000,00",Mbah Datuk Tuban ,Laku 1.400.000 (100.000 Mbah Datuk),,,,,,,
,"Senin, 19 Januari 2026",Cuci Truk HCL 1,,"140.000,00",Asiyah,,,,,,,,
,"Rabu, 21 Januari 2026",Baut Roda,9 pcs,"900.000,00",Temen Mas Rul,,,,,,,,
,"Minggu, 25 Januari 2026",Las Tambal Knalpot ,,"100.000,00",Pak Nor Tuban,,,,,,,,
,"Minggu, 25 Januari 2026",Oli Meditran SX 15 Liter,15 Liter,"600.000,00",Mbah Datuk,"GPS 255.392 KM, Truk 255.635",,,,,,,
,,Ring Tembaga Booster Pump,10 pcs,"50.000,00",Mbah Datuk,Rembes Booster Pump,,,,,,,
,,Klem Selang Solar,6 pcs,"12.000,00",Mbah Datuk,,,,,,,,
,,Stempet ,,"50.000,00",Mbah Datuk,,,,,,,,
,,Filter Oli Hino,1 pcs,"150.000,00",Mbah Datuk,,,,,,,,
,,Jasa Service Oli Mesin + Masuk Angin ,,"145.000,00",Mbah Datuk,,,,,,,,
,,Ganti Filter Solar Atas Bawah,1 Set,"0,00",Mbah Datuk,"GPS 255.392 KM, Truk 255.635 Diskon Mbah datuk",,,,,,,
,,,,,,,,,,,,,
,"Sabtu, 31 Januari 2026",Pak Udin Pengurus SILOG,,"150.000,00",SILOG,Perbulan tiap tanggal 25 ,,,,,,,
,"Minggu, 30 November 2025",STNK 6/12,,"400.000,00",,,,,,,,,
,,,,,,,,,,,,,
,"Selasa, 3 Februari 2026",Engine Mounting Depan Kanan Kiri ,2 pcs,"500.000,00",Mbah Datuk,,,,,,,,
,,Snel Rem,1 pcs,"215.000,00",Mbah Datuk,,,,,,,,
,,Stempet Kobra,4 pcs,"140.000,00",Mbah Datuk,,,,,,,,
,,Seal Rem Belakang Kiri Tronton,2 pcs,"40.000,00",Mbah Datuk,,,,,,,,
,,Minyak Rem Jumbo,2 pcs,"140.000,00",Mbah Datuk,,,,,,,,
,,Seal Tromol Belakang ,1 pcs,"70.000,00",Mbah Datuk,,,,,,,,
,,Jasa Ganti Seal Rem Belakang Kiri Tronton,2 pcs,"200.000,00",Mbah Datuk,,,,,,,,
,,Jasa Rem Belakang Kiri Engkel Macet,,"200.000,00",Mbah Datuk,,,,,,,,
,,Repair Kit Snel Rem,1 pcs,"250.000,00",Mbah Datuk,,,,,,,,
,,Jasa Ganti Engine Mounting,2 pcs,"200.000,00",Mbah Datuk,,,,,,,,
,,Cross Joint Hori Depan,,"70.000,00",Mbah Datuk,,,,,,,,
,,Jasa Ganti Cross Joint Hori Depan,,"50.000,00",Mbah Datuk,,,,,,,,
,,,,,,,,,,,,,
,"Jumat, 6 Februari 2026","Filter Solar Atas Hino, Bawah Nissan",2 Set,"200.000,00",Temen Mas Rul,"Stok Filter Solar Atas 1pcs, Bawah 1 pcs",,,,,,,
,"Kamis, 12 Februari 2026",Pengecekkan Boost Pump ,,"250.000,00",Pak Dedy Tuban ,,,,,,,,
,"Kamis, 12 Februari 2026",Las Spakbor & Pasang Karpet Spakbor Belakang,,"50.000,00",Pak Nor Tuban,,,,,,,,
,"Jumat, 13 Februari 2026",Perbaikkan Kaca Kanan Anjlok & Chuke,,"100.000,00",Temen Mas Rul Sluke,,,,,,,,
,"Jumat, 13 Februari 2026",GPS Easygo (SI) 7/12,,"122.100,00",,,,,,,,,
,"Jumat, 13 Februari 2026",GPS Inova Track (SBI) 6/12,,"166.500,00",,,,,,,,,
,,,,,,,,,,,,,
,,,,,,,,,,,,,
,,,,,,,,,,,,,
,,,,,,,,,,,,,
,,,,,,,,,,,,,
,,,,,,,,,,,,,
,,,,,,,,,,,,,
,,,,,,,,,,,,,
,,,,,,,,,,,,,
,"Sabtu, 21 Februari 2026",Jasa Ganti Pen Per Kiri Depan,,"250.000,00",Pak Khaerudin Kudus Mitra Diesel,Pin Paling Depan Kiri Patah,,,,,,,
,,Pen Per Depan,1 pcs,"100.000,00",Pak Khaerudin Kudus Mitra Diesel,,,,,,,,
,"Senin, 23 Februari 2026",Ban GITI PROFIT Set 1000 R20 Tronton Kanan Luar ,1 Set,"3.400.000,00",Caping Ban Demak,"Kilometer GPS 259.037,84. Ban Engkel Kiri luar Pecah di VUB Semarang kena pembatas timbangan",,,,,,,
,"Senin, 23 Februari 2026",Bongkar Pasang Ban GITI Baru Tronton Kanan Luar + Impact,1 pcs,"40.000,00",Tambal Ban Caping Gunung ,,,,,,,,
,,Oper Ban GITI Tronton Kanan Luar Ke Engkel Kiri Luar,1 pcs,"15.000,00",Tambal Ban Caping Gunung ,,,,,,,,
,,Oper Ban,1 pcs,"15.000,00",Tambal Ban Caping Gunung ,,,,,,,,
,"Jumat, 27 Februari 2026",Stempet,,"60.000,00",Tambal Ban Guntur Putra Pati Juwana,,,,,,,,
,"Sabtu, 28 Februari 2026",Ganti Filter Solar Hino Ke Rumah & filter Nissan bekas,,"0,00",Mas Rul ganti bersama Oky,KM 259.631,,,,,,,
,"Sabtu, 28 Februari 2026",Pak Udin Pengurus SILOG,,"150.000,00",SILOG,Perbulan tiap tanggal 25 (Februari Pending),,,,,,,
,"Minggu, 30 November 2025",STNK 7/12,,"400.000,00",,,,,,,,,
,,,,,,,,,,,,,
,"Minggu, 1 Maret 2026",Karet Stabilizer Hop,4 pcs ,"600.000,00",Jaya Subur,Engkel Kanan Kiri ,,,,,,,
,"Selasa, 3 Maret 2026",Jasa Bongkar Pasang Karet Stabilizer Engkel Kanan Kiri,4 pcs ,"180.000,00",Sluke,,,,,,,,
,"Sabtu, 7 Maret 2026",Stempet Boogie + Per Depan,,"25.000,00",SIS Putri Kembar Lasem,,,,,,,,
,,Kontrol Angin Ban,,"25.000,00",SIS Putri Kembar Lasem,,,,,,,,
,,Semprot Filter Udara,,"10.000,00",SIS Putri Kembar Lasem,,,,,,,,
,,Setel Stir,,"30.000,00",SIS Putri Kembar Lasem,,,,,,,,
,"Minggu, 8 Maret 2026",GPS Easygo (SI) 8/12,,"122.100,00",,,,,,,,,
,"Minggu, 8 Maret 2026",GPS Inova Track (SBI) 7/12,,"166.500,00",,,,,,,,,
,"Selasa, 10 Maret 2026",Ganti Filter Solar Atas Bawah,,"0,00",Mbah Datuk,"KM 260.696,Stok Filter Solar Atas 0 pcs, Bawah 0 pcs",,,,,,,
,"Selasa, 10 Maret 2026",Las Selebor Belakang ,,"50.000,00",Pak Nor Tuban,,,,,,,,
,"Kamis, 12 Maret 2026",Pasang Baut Roda ,2 pcs ,"70.000,00",Tambal Ban Via Tuban,Engkel Kiri ,,,,,,,
,,Oper Velg,2 pcs ,"80.000,00",Tambal Ban Via Tuban,,,,,,,,
,,Marset,1 pcs ,"40.000,00",Tambal Ban Via Tuban,Tuker dengan Ban Cadangan,,,,,,,
,,Kontrol Baut Roda ,,"20.000,00",Tambal Ban Via Tuban,,,,,,,,
,,,,,,,,,,,,,
,"Jumat, 13 Maret 2026",Ganti Ban Dalam,1 pcs,"40.000,00",Caping Demak,Bocor Engkel Kiri Luar,,,,,,,
,"Sabtu, 14 Maret 2026",Cuci Truk Temen Mas Khoirul,,"50.000,00",Sluke,,,,,,,,
,"Minggu, 15 Maret 2026",Tambahan Uang Nginep Bawen,,"250.000,00",,,,,,,,,
,"Senin, 16 Maret 2026",Cat Bee Brand 166 Mayan Yellow,1 kg,"75.000,00",Bintang Arut Lasem,"Cat Pelindung Samping, Slebor & Pipa ",,,,,,,
,,Cat Bee Brand 9109 Super White,0.4 L,"40.000,00",Bintang Arut Lasem,,,,,,,,
,,Amplas Essen,0.5 m,"10.000,00",Bintang Arut Lasem,,,,,,,,
,,"Kuas 2"" Eterna",2 pcs,"10.000,00",Bintang Arut Lasem,,,,,,,,
,,Thiner Nippon 9000B,1 kg,"25.000,00",Bintang Arut Lasem,,,,,,,,
,,HCL,,"25.000,00",,,,,,,,,
,,Thiner B,,"13.000,00",,,,,,,,,
,,Jas Temen Mas Khoirul ,,"97.000,00",Sluke,,,,,,,,
,"Selasa, 31 Maret 2026",Pak Udin Pengurus SILOG,,"150.000,00",SILOG,"Perbulan tiap tanggal 25 (Februari, Maret Pending)",,,,,,,
,"Selasa, 31 Maret 2026",STNK 8/12,,"400.000,00",,,,,,,,,
,,,,,,,,,,,,,
,"Kamis, 2 April 2026",Scotlight Merah 1 meter Kuning 1 meter,2 m,"20.000,00",Toko Akbar Tuban ,Pendaftaran Indocement,,,,,,,
,,Scotlight Merah 2.5 meter,2.5 m,"25.000,00",Toko Akbar Tuban ,Pendaftaran Indocement,,,,,,,
,,Lem Fox Buat Karet Manhole ,,"25.000,00",Toko Akbar Tuban ,,,,,,,,
,"Kamis, 2 April 2026",GPS Easygo (SI) 9/12,,"122.100,00",,,,,,,,,
,"Kamis, 2 April 2026",GPS Inova Track (SBI) 8/12,,"166.500,00",,,,,,,,,
,"Jumat, 3 April 2026",Jasa Ganti Filter Solar Atas Bawah,,"30.000,00",Mbah Datuk,,,,,,,,
,"Minggu, 5 April 2026",Klem Aki,,"45.000,00",RSP Elctric,,,,,,,,
,,Sepul Aki,,"50.000,00",RSP Elctric,,,,,,,,
,"Selasa, 7 April 2026",Barcode Truk H81833OF,,"450.000,00",,,,,,,,,
,"Kamis, 9 April 2026",Seal Rem Belakang,2 pcs,"40.000,00",Mbah Datuk,,,,,,,,
,,Seal Tromol Belakang,1 pcs ,"70.000,00",Mbah Datuk,,,,,,,,
,,Minyak Rem Jumbo,1 pcs ,"70.000,00",Mbah Datuk,,,,,,,,
,,Stempet Rotari,,"45.000,00",Mbah Datuk,,,,,,,,
,,Jasa Bongkar Pasang Seal Tromol Belakang Engkel Kiri ,,"200.000,00",Mbah Datuk,,,,,,,,
,"Sabtu, 11 April 2026",Liner NPR 3mm 650rb,6 pcs ,"3.900.000,00",Surabaya (Pak Dedi),,,,,,,,
,,Ring Piston,1 set,"1.350.000,00",Surabaya (Pak Dedi),,,,,,,,
,,Metal Jalan Standar ,,"550.000,00",Surabaya (Pak Dedi),,,,,,,,
,,Packing Kalter,,"65.000,00",Surabaya (Pak Dedi),,,,,,,,
,,Lem Trebond Abu2,2 pcs,"60.000,00",Surabaya (Pak Dedi),,,,,,,,
,,Lem Booster,1 pcs,"35.000,00",Surabaya (Pak Dedi),,,,,,,,
,,Ongkir ,,"100.000,00",Surabaya (Pak Dedi),,,,,,,,
,"Sabtu, 11 April 2026",Packing Silinder HOP,1 pcs,"1.100.000,00",Jaya Subur,,,,,,,,
,,Oli Mesin SX 10 liter,1 pcs,"490.000,00",Jaya Subur,,,,,,,,
,,Oli Mesin SX 4 liter,1 pcs,"200.000,00",Jaya Subur,,,,,,,,
,,Selang Kompresor,1 pcs,"200.000,00",Jaya Subur,,,,,,,,
,,Hikari Hijau,3 pcs,"105.000,00",Jaya Subur,,,,,,,,
,,Fuel Oli Lohan,1 pcs,"185.000,00",Jaya Subur,,,,,,,,
,,Tutup Radiator ,1 pcs,"65.000,00",Jaya Subur,,,,,,,,
,,Ongkir,,"75.000,00",Jaya Subur,,,,,,,,
,"Rabu, 15 April 2026",Beli Valve Bongakaran ,1 pcs,"200.000,00",Temen Mas Rul,"Mas Rul 1 Valve, mas Yon 2 Valve 24 juli",,,,,,,
,"Kamis, 16 April 2026",Las Napel Per Belakang (aus),,"70.000,00",Pak Nor Tuban,,,,,,,,
,,Las Kuningan Pipa Air Turbo,,"30.000,00",Pak Nor Tuban,,,,,,,,
,"Kamis, 16 April 2026",Pak Dek Klep Lohan Bawah,1 pcs,"200.000,00",Jaya Subur,,,,,,,,
,,Coolant Hikari,2 galon,"70.000,00",Jaya Subur,,,,,,,,
,,Ongkir ,,"75.000,00",Jaya Subur,,,,,,,,
,"Kamis, 16 April 2026",Ganti Karet Manhole Tangki + Pasang ,2 pcs ,"300.000,00",Pak Yanto Pereng,,,,,,,,
,"Kamis, 16 April 2026",Tambal Ban Cadangan + Impact ,,"40.000,00",Adi Jaya Ban Tuban Iyus,,,,,,,,
,,Kontrol Angin + Tambah Angin,,"20.000,00",Adi Jaya Ban Tuban Iyus,,,,,,,,
,"Kamis, 16 April 2026",Jasa OH Dodos Mesin,,"3.500.000,00",Pak Dedy Tuban,,,,,,,,
,,Storing 5 hari,,"300.000,00",Pak Dedy Tuban,,,,,,,,
,,Bensin Botol Aqua,5 galon,"100.000,00",Pak Dedy Tuban,,,,,,,,
,,,,,,,,,,,,,
,"Jumat, 17 April 2026",Setting Mesin,,"150.000,00",Pak PO Lasem,,,,,,,,
,,Jas Ganti Kabel Cuk Gas,,"50.000,00",Pak PO Lasem,,,,,,,,
,"Sabtu, 18 April 2026",Per Gas,1 pcs,"15.000,00",Kajar Motor Lasem,Cuk Sering Nyangkut ,,,,,,,
,,Kabel Gas Lohan,1 pcs,"150.000,00",Kajar Motor Lasem,,,,,,,,
,,Kabel Tis,1 pcs,"35.000,00",Kajar Motor Lasem,,,,,,,,
,"Sabtu, 18 April 2026",Stempet Komplit,,,Tambal SIS Putri Kembar Rembang,,,,,,,,
,"Selasa, 21 April 2026",Jasa Ganti Filter Solar Atas Bawah,,"100.000,00",Pak PO Lasem,"KM 263.019,Stok Filter Solar Atas 0 pcs, Bawah 0 pcs",,,,,,,
,,Jasa Bongkar Pasang Tangki Solar (Kuras),,"150.000,00",Pak PO Lasem,,,,,,,,
,,Las Bedel Tangki Solar,,"120.000,00",Pak PO Lasem,,,,,,,,
,,Jasa Storing,,"75.000,00",Pak PO Lasem,,,,,,,,
,"Selasa, 21 April 2026",Oli Meditran SX 4 Liter,1 Galon,"200.000,00",Jaya Subur,Dibagi 2 mas Yon rencana,,,,,,,
,,Pipa Nozzle Lohan No 1,,"375.000,00",Jaya Subur,Rencana Dikembalikan ,,,,,,,
,,Coolant Hikari Hijau 5 Liter,1 Galon,"35.000,00",Jaya Subur,,,,,,,,
,"Senin, 27 April 2026",Kawel Tangki ukuran 9x50,3 pcs,"375.000,00",Lancar Jenu,,,,,,,,
,"Senin, 27 April 2026",Packing Head Hipop,1 pcs ,"1.100.000,00",Lancar Lasem,,,,,,,,
,,Coolant Hipop 4 liter,2 galon,"140.000,00",Lancar Lasem,,,,,,,,
,,Ring Baut Solar 14mm,4 pcs,"20.000,00",Lancar Lasem,,,,,,,,
,,Ongkir,,"50.000,00",Lancar Lasem,,,,,,,,
,"Senin, 27 April 2026",Lem Trebond,5 pcs,"110.000,00",Lasem ,,,,,,,,
,,Lem Besi,1 pcs ,"11.000,00",Lasem,,,,,,,,
,,Bensin Untuk Cleaning,2 botol,"40.000,00",Lasem,,,,,,,,
,"Senin, 27 April 2026",Baut 14mm,1 pcs ,"5.000,00",Kajar Motor Lasem,,,,,,,,
,,Ring,5 pcs ,"10.000,00",Kajar Motor Lasem,,,,,,,,
,"Selasa, 28 April 2026",Jas Ganti Packing Head kedua,,"1.000.000,00",Pak PO Lasem,,,,,,,,
,"Kamis, 30 April 2026",Coolant pas turun setengah,1 pcs ,"45.000,00",Mbah Datuk,,,,,,,,
,,Stempet ,,"50.000,00",Mbah Datuk,,,,,,,,
,,Baut Baja M30 Untuk Tangki Semen ke Chasis ,2 pcs ,"80.000,00",Mbah Datuk,,,,,,,,
,,Jasa Pasang Kawel Tangki Semen ke Chassis + Besi Bekas,3 pcs ,"250.000,00",Mbah Datuk,,,,,,,,
,,Las Antena + Lubang Baut Kawel Belakang ,2 pcs ,"50.000,00",Mbah Datuk,,,,,,,,
,"Kamis, 30 April 2026",Lokasi Pom Bongkar Mesin ,,"100.000,00",Sluke,,,,,,,,
,,Uang Solar Bensin Mas Rul,,"164.000,00",,,,,,,,,
,"Kamis, 30 April 2026",STNK 9/12,,"400.000,00",,,,,,,,,
,,,,,,,,,,,,,
,"Selasa, 5 Mei 2026",Stempet Komplit,,"50.000,00",Tambal SIS Putri Kembar Rembang,,,,,,,,
,,Semprot Radiator + Filter Udara,,"25.000,00",Tambal SIS Putri Kembar Rembang,,,,,,,,
,,Kontrol Angin Ban,,"20.000,00",Tambal SIS Putri Kembar Rembang,,,,,,,,
,"Sabtu, 2 Mei 2026",GPS Easygo (SI) 10/12,,"122.100,00",,,,,,,,,
,"Sabtu, 2 Mei 2026",GPS Inova Track (SBI) 9/12,,"166.500,00",,,,,,,,,
,,,,,,,,,,,,,
,"Selasa, 5 Mei 2026",Stempet Komplit,,"50.000,00",,,,,,,,,
,,Semprot Radiator + Filter Udara,,"25.000,00",,,,,,,,,
,,Kontrol Angin Ban,,"20.000,00",,,,,,,,,
,"Rabu, 6 Mei 2026",Coolant Hipop 4 liter,1 galon,"75.000,00",Lancar Jenu,,,,,,,,
,,Filter Solar Bawah Nissan,1 pcs,"60.000,00",Lancar Jenu,"Stok Filter Solar Atas 1 pcs, Bawah nissan 1 pcs, Bawah HOP 1 pcs",,,,,,,
,,Filter Solar Atas ,1 pcs,"45.000,00",Lancar Jenu,,,,,,,,
,,Filter Solar Bawah HOP,1 pcs,"170.000,00",Lancar Jenu,,,,,,,,
,"Rabu, 6 Mei 2026",Cross Joint,1 pcs,"80.000,00",,,,,,,,,
,,Kran Angin 3/4,1 pcs,"90.000,00",,,,,,,,,
,,L Bow Kran,1 pcs,"20.000,00",,,,,,,,,
,,Sambungan Selang 6 mm,4 pcs,"80.000,00",,,,,,,,,
,,Jasa Ganti Cross Joint,,"50.000,00",,,,,,,,,
,,Packing PTO Bocor,,"50.000,00",,,,,,,,,
,,Jasa Pasang Kran Angin,,"70.000,00",,,,,,,,,
,,Stel Gas Macet,,"100.000,00",,,,,,,,,
,"Kamis, 7 Mei 2026",Bengkel Perbaikan Joint Hori Patah 100+Las 45,,"145.000,00",Mekanik Plant Jepara,,,,,,,,
,"Jumat, 8 Mei 2026",Stel Rem ,,"50.000,00",Mbah Datuk,,,,,,,,
,,Jok Join Join Hori,,"150.000,00",Mbah Datuk,,,,,,,,
,,Las Jok Join Hori,,"50.000,00",Mbah Datuk,,,,,,,,
,,Jasa Ganti Jok Joint Hori,,"100.000,00",Mbah Datuk,,,,,,,,
,,Jasa Ganti Filter Solar Atas Bawah Nissan,,"30.000,00",Mbah Datuk,"Stok Filter Solar Atas 0 pcs, Bawah nissan 0 pcs, Bawah HOP 1 pcs",,,,,,,
,"Sabtu, 9 Mei 2026",Tambal Ban + Impact,,"55.000,00",Mbah Datuk,,,,,,,,
,"Senin, 11 Mei 2026",Cylinder Rem Belakang,1 pcs,"450.000,00",Mbah Datuk,,,,,,,,
,,Seal Tromol Belakang,1 pcs,"70.000,00",Mbah Datuk,,,,,,,,
,,Stempet Rotari,2 pcs,"90.000,00",Mbah Datuk,,,,,,,,
,,Minyak Rem Jumbo,1 pcs,"70.000,00",Mbah Datuk,,,,,,,,
,,Jasa Ganti Master Rem Belakang Kiri Tronton ,,"200.000,00",Mbah Datuk,,,,,,,,
,"Rabu, 20 Mei 2026",Jasa Sock Rumah Boring+Bahan,2 pcs,"2.000.000,00",,,,,,,,,
,,Jasa Center Cylinder Block Kap,7 pcs,"770.000,00",,,,,,,,,
,,Jasa Las Samping Kap,7 pcs,"350.000,00",,,,,,,,,
,,Jasa Bubut Askruk Duduk 25,7 pcs,"525.000,00",,,,,,,,,
,,Jasa Poles Askruk Jalan Standar,7 pcs,"150.000,00",,,,,,,,,
,,Jasa Tes Kebocoran ,1 pcs,"150.000,00",,,,,,,,,
,,Jasa Lepas Nozzle,1 pcs,"35.000,00",,,,,,,,,
,,Jasa Bubut Rata,1 pcs,"325.000,00",,,,,,,,,
,,Jasa Bubut Rata Cylinder Block + Las,1 pcs,"575.000,00",,,,,,,,,
,"Kamis, 21 Mei 2026",Packing Silinder Marusan,1 pcs,"1.000.000,00",Jaya Subur,,,,,,,,
,,Seal Klep,24 pcs,"600.000,00",Jaya Subur,,,,,,,,
,,Sela As Kruk,1 pcs,"200.000,00",Jaya Subur,,,,,,,,
,,Metal Jalan,1 pcs,"600.000,00",Jaya Subur,,,,,,,,
,,Metal Duduk,1 pcs,"600.000,00",Jaya Subur,,,,,,,,
,,Coolant Prestone 4 liter,4 galon,"280.000,00",Jaya Subur,,,,,,,,
,,Oli Meditran SX 10 L,1 galon,"525.000,00",Jaya Subur,KM 266.142,,,,,,,
,,Oli Meditran SX 4 L,1 galon,"215.000,00",Jaya Subur,,,,,,,,
,,Filter Oli HOP,1 pcs,"185.000,00",Jaya Subur,,,,,,,,
,,Lem Threebond,4 pcs,"120.000,00",Jaya Subur,,,,,,,,
,,Lem Gasket,1 pcs,"45.000,00",Jaya Subur,,,,,,,,
,,Tube/Kondom Nozzle,1 pcs,"125.000,00",Jaya Subur,,,,,,,,
,,Packing TBA,1 pcs,"50.000,00",Jaya Subur,,,,,,,,
,"Sabtu, 23 Mei 2026",Kabel Aki Paralel,1 pcs,"45.000,00",Mas Rul Sumber Agung Sluke,,,,,,,,
,,Lem Besi,1 pcs,"25.000,00",Mas Rul Sumber Agung Sluke,,,,,,,,
,"Sabtu, 23 Mei 2026",Tutup Radiator ,1 pcs,"70.000,00",Mas Rul Jaya Mustika Sluke,,,,,,,,
,,Baut 14 inch,2 pcs,"10.000,00",Mas Rul Jaya Mustika Sluke,,,,,,,,
,"Sabtu, 23 Mei 2026",Jasa Turun Mesin Total,,"6.000.000,00",Pak PO Lasem,,,,,,,,
,,Transportasi Ke Tuban Bawa Mesin Ke Bengkel Bubut 2x,,"400.000,00",Pak PO Lasem,,,,,,,,
,,Uang Makan 2x Ke Tuban,,"400.000,00",Pak PO Lasem,,,,,,,,
,,Ngetips Bengkel Bubut,,"300.000,00",Pak PO Lasem,,,,,,,,
,,Jasa Bubut Piston ,,"150.000,00",Pak PO Lasem,,,,,,,,
,,Seal Cooler,1 set,"80.000,00",Pak PO Lasem,,,,,,,,
,,Bushing Stang,1 pcs,"100.000,00",Pak PO Lasem,,,,,,,,
,,Baut + Nipple Air,,"50.000,00",Pak PO Lasem,,,,,,,,
,"Senin, 25 Mei 2026",Bongkar Pasang Ganti Baut Roda Tronton Kiri + Bongkar Pasar Ring,,"120.000,00",Tambal SIS Putri Kembar Rembang,,,,,,,,
,"Senin, 25 Mei 2026",Tambal Ban Tiptop Tronton Kiri,,"60.000,00",,,,,,,,,
,,Potong Baut Tronton Kiri,,"20.000,00",,,,,,,,,
,,Marset,,"50.000,00",,,,,,,,,
,"Jumat, 29 Mei 2026",Tukar Tambah Velg + Ring untuk Cadangan ,,"650.000,00",Tambal Guntur Putra Pati,Cadangan velg retak dan ring pecah,,,,,,,
,,Bongkar Pasang,,"25.000,00",Tambal Guntur Putra Pati,,,,,,,,
,"Minggu, 31 Mei 2026",STNK 10/12,,"400.000,00",,,,,,,,,
,,,,,,,,,,,,,
,"Senin, 1 Juni 2026",Jasa Bongkar Pasang Nozzle,,"150.000,00",Pak PO Lasem,,,,,,,,
,,Jasa Tes Nozzle,6 pcs,"120.000,00",Pak PO Lasem,,,,,,,,
,,Storing 80.000 + Makan 65.000,,"145.000,00",Pak PO Lasem,,,,,,,,
,"Kamis, 4 Juni 2026",Stempet Komplit,,"60.000,00",Tambal SIS Putri Kembar Rembang,,,,,,,,
,,Kontrol Angin Ban,,"25.000,00",Tambal SIS Putri Kembar Rembang,,,,,,,,
,"Kamis, 4 Juni 2026",Kabel Engine Stop/Cuk,,"200.000,00",Kajar Motor Lasem,,,,,,,,
,"Sabtu, 6 Juni 2026",Tukar Ban + Velg (pecah) + Impact ,,"100.000,00",Tambal Manunggal Jaya Demak,Pecah Tronron Kiri Dalam (Duraturn Baru),,,,,,,
,"Sabtu, 6 Juni 2026",Reset Barcode Solar,,"200.000,00",Mardiyanto,Reset ke 3 bayar,,,,,,,
,"Minggu, 7 Juni 2026",Tuker Tambah Velg (Pecah),1 pcs ,"650.000,00",Pak Nur Ban Tuban,,,,,,,,
,,Bongkar Pasang Ban,1 pcs,"30.000,00",Pak Nur Ban Tuban,,,,,,,,
,,Rotasi Ban,2 pcs,"40.000,00",Pak Nur Ban Tuban,,,,,,,,
,"Selasa, 9 Juni 2026",Filter Solar Atas HOP,1 pcs ,"45.000,00",Lancar Jenu ,"Stok Filter Solar Atas 1 pcs, Bawah 0 pcs",,,,,,,
,,Oli Gardan 4 liter,3 galon,"870.000,00",Lancar Jenu,Ganti Oli Gardan (Ganti PTO) KM 267.797,,,,,,,
,"Selasa, 9 Juni 2026",Tukar Tambah PTO ZF FM 10015T,,"1.750.000,00",Pak Yanto Pereng,"Suara kasar, Oblak gear, resiko patah",,,,,,,
,,Jasa Ganti PTO,,"250.000,00",Mbah Datuk,,,,,,,,
,"Rabu, 10 Juni 2026",Tambal Ban Tronton Kanan Cacat Tapak + Impact ,,"50.000,00",Tambal Dadi Banyak Pati,,,,,,,,
,"Senin, 15 Juni 2026",GPS Easygo (SI) 11/12,,"122.100,00",,,,,,,,,
,"Senin, 15 Juni 2026",GPS Inova Track (SBI) 10/12,,"166.500,00",,,,,,,,,
,"Selasa, 16 Juni 2026",Filter Solar Bawah 2,2 pcs,"200.000,00",Temen Mas Rul,"Stok Filter Solar Atas 1 pcs, Bawah 2 pcs",,,,,,,
,"Selasa, 16 Juni 2026","Tronton Kanan Luar, marset sobek",,"100.000,00",Dina Sluke,,,,,,,,
,"Selasa, 23 Juni 2026",Palu,1 pcs ,"45.000,00",Sluke,Ketrik area atas tangki,,,,,,,
,,Betel,1 pcs ,"25.000,00",Sluke,,,,,,,,
,,Skrap,1 pcs ,"15.000,00",Sluke,,,,,,,,
,"Selasa, 30 Juni 2026",STNK 11/12,,"400.000,00",,,,,,,,,
,,,,,,,,,,,,,
,"Kamis, 2 Juli 2026",Ban Engkel Kanan Luar (cacat kena plat) Ban Dalam+Bongkar Pasang+Impact,,"195.000,00",Ega Jaya Ban Tambakboyo,,,,,,,,
,"Jumat, 3 Juli 2026",Jasa Ganti Karet Stabil,2 pcs ,"100.000,00",Mbah Datuk,Karet Stabil Temen Mas Yono,,,,,,,
,,Servis Kaca Pintu Kanan Lepas,1 pcs ,"50.000,00",Mbah Datuk,,,,,,,,
,"Jumat, 10 Juli 2026",Flasher ,,"120.000,00",RSP Electric Diki,Kabel Paralel Aki Kebakar,,,,,,,
,,Kabel Paralel Tembaga,,"70.000,00",RSP Electric Diki,,,,,,,,
,,Jasa Perbaikkan,,"30.000,00",RSP Electric Diki,,,,,,,,
,"Senin, 13 Juli 2026",Ganti Kabel Serian Aki + Storing,,"175.000,00",Yatno Dinamo,,,,,,,,
,"Rabu, 15 Juli 2026",GPS Easygo (SI) 12/12,,"122.100,00",,,,,,,,,
,"Rabu, 15 Juli 2026",GPS Inova Track (SBI) 11/12,,"166.500,00",,,,,,,,,
,"Rabu, 15 Juli 2026",Gulung Kabel,,"175.000,00",Yatno Dinamo,Dinamo Starter Rusak (garansi 1 bulan),,,,,,,
,,Ganti Brostel ,,"100.000,00",Yatno Dinamo,,,,,,,,
,,Bikin Bushing,,"100.000,00",Yatno Dinamo,,,,,,,,
,,Solder Angker,,"75.000,00",Yatno Dinamo,,,,,,,,
,,Repair Otomatis,,"25.000,00",Yatno Dinamo,,,,,,,,
,,Servis + Bongkar Pasang + Storing Malam,,"250.000,00",Yatno Dinamo,,,,,,,,
,"Rabu, 15 Juli 2026",Stel Rem,,"50.000,00",Mbah Datuk,,,,,,,,
,,Vet,,"70.000,00",Mbah Datuk,,,,,,,,
,,Pasang Valve No 4,,"50.000,00",Mbah Datuk,,,,,,,,
,"Jumat, 17 Juli 2026",Karet Stabil Sudah Dipasang,4 pcs,"200.000,00",Temen Mas Yon,,,,,,,,
,"Jumat, 17 Juli 2026",Ontelan Kaca,1 pcs ,"25.000,00",Kajar Motor,,,,,,,,
,,Lem Sealer,1 pcs ,"25.000,00",Kajar Motor,,,,,,,,
,"Minggu, 19 Juli 2026",Kontrol Angin + Semprot Filter + Semprot Radiator ,,"50.000,00",Guntur Putra Rembang,,,,,,,,
,"Rabu, 22 Juli 2026",Tuker Tambah Jok + Knalpot,1 set,"600.000,00",Temen Mas Rul,,,,,,,,
,,Las Knalpot,,"200.000,00",Temen Mas Rul,,,,,,,,
,"Kamis, 23 Juli 2026",Coolant Hikari,4 pcs,"158.710,00",Shopee,Stok Coolant,,,,,,,
,"Jumat, 24 Juli 2026",Bongkar Pasang Ban,2 Pcs,"50.000,00",Temen Mas Rul,Ban Engkel Kanan Luar Giti 600.000 belum bayar,,,,,,,
,,Impect ,2 Pcs,"50.000,00",Temen Mas Rul,,,,,,,,
,"Selasa, 28 Juli 2026",Coolant Hikari,4 liter,"50.000,00",Mbah Datuk,,,,,,,,
,,Jasa Perbaikan Bocoran Air Dari Baut Manifol ,,"300.000,00",Mbah Datuk,,,,,,,,
,,Baut Tanam Manifol ,1 pcs ,"25.000,00",Mbah Datuk,,,,,,,,
,,Spooring,,"100.000,00",Mbah Datuk,,,,,,,,
,,Jasa Cek Bushing Boogie Kanan Kiri (Ban Belakang Kanan Tidak Lurus),,"100.000,00",Mbah Datuk,,,,,,,,
,"Jumat, 31 Juli 2026",Lampu Halogan H4 ,1 pcs ,"50.000,00",RSP Electric Diki,Spare Lampu,,,,,,,
,"Jumat, 31 Juli 2026",STNK 12/12,,"400.000,00",,,,,,,,,
,,,,,,,,,,,,,
,"Sabtu, 1 Agustus 2026",Tuker Tambah Ban,1 pcs ,"600.000,00",Teman Mas Rul,,,,,,,,
,"Senin, 10 Agustus 2026",Service Dinamo Ampere + Cas Aki,,"340.000,00",Pak Po/Family Tholib Lasem,,,,,,,,
,,Bongkar Pasang Dinamo + Aki + Storing ,,"250.000,00",Pak Po,,,,,,,,
,,Tukar Tambah Aki Incoe NS70 Baru,,"800.000,00",Pak Po/Alfa Jaya Lasem,,,,,,,,
,"Minggu, 16 Agustus 2026",GPS Easygo (SI) 1/12 2026,,"122.100,00",,,,,,,,,
,"Minggu, 16 Agustus 2026",GPS Inova Track (SBI) 12/12,,"166.500,00",,STOP GPS,,,,,,,
,"Jumat, 28 Agustus 2026",Aki Inco NS70 Garansi 2 bulan,1 pcs,"1.050.000,00",NS Aki Sidoarjo,,,,,,,,
,,Set Aki Klem,2 pcs ,"35.000,00",NS Aki Sidoarjo,,,,,,,,
,,Kabel Penghubung,1 pcs,"50.000,00",NS Aki Sidoarjo,,,,,,,,
,"Sabtu, 29 Agustus 2026",Tukar Aki Rusak ,,"0,00",Alfa Aki Lasem,,,,,,,,
,"Senin, 31 Agustus 2026",Ganti Bushing Trunion+Ring Trunion Kanan/Kiri,2 pcs ,"500.000,00",,,,,,,,,
,,Bongkar Pasang Karet Stabil + Cek Stabil Engkel Kanan/Kiri,2 pcs ,"200.000,00",,,,,,,,,
,,Stel Rem+Bleding Rem Total,,"75.000,00",,,,,,,,,
,,Ganti Filter Solar Atas Bawah,,"50.000,00",,"Stok Filter Solar Atas 0 pcs, Bawah 1 pcs",,,,,,,
,,Bushing Trunion Hino TS,4 pcs ,"360.000,00",,,,,,,,,
,,Bushing Trunion Hino AG,3 pcs ,"150.000,00",,,,,,,,,
,,Karet Stabil TRC,4 pcs ,"640.000,00",,,,,,,,,
,,Stampet HOP,1 kg,"60.000,00",,,,,,,,,
,,Ring Kacamata 3mm,3 pcs ,"45.000,00",,,,,,,,,
,"Senin, 31 Agustus 2026",STNK 1/12 2026,,"400.000,00",,,,,,,,,
,,,,,,,,,,,,,
,"Selasa, 1 September 2026",Jasa Ganti Baut Roda Tronton Kiri + Tuker Ban,3 pcs,"160.000,00",Artomoro Jenu,,,,,,,,
,,Tuker Tambah Ban Eko Untuk Cadangan,1 pcs,"400.000,00",Teman Mas Rul,,,,,,,,
,"Kamis, 3 September 2026",Semprot Radiator + Filter Udara,,"25.000,00",SIS Putri Kembar,,,,,,,,
,,Stel Stir + Kerasin Filter Solar Atas,,"50.000,00",SIS Putri Kembar,,,,,,,,
,,Oli SAE 40 tambahan,1 liter,"40.000,00",SIS Putri Kembar,,,,,,,,
,"Jumat, 4 September 2026",Las Dudukan Lampu Depan Kiri + Valve,,"50.000,00",Mekanik Aries Beton,,,,,,,,
,,Ganti Karet Filter Solar Atas Putus (rembes),,"50.000,00",Kudus Mas Irul,,,,,,,,
,"Senin, 7 September 2026",Ban Dalam Bekas Tanpa Tambalan,1 pcs,"200.000,00",Salatiga,Bocor Di Gerbang Tol Banyumanik Ban Engkel Kiri,,,,,,,
,,Marset,2 pcs,"80.000,00",Salatiga,,,,,,,,
,,Bongkar + Pasang Ban,,"25.000,00",Salatiga,,,,,,,,
,,Impact,,"25.000,00",Salatiga,,,,,,,,
,,Kontrol Angin,,"25.000,00",Salatiga,,,,,,,,
,"Kamis, 10 September 2026",Las Kerekan Ban Cadangan,,"55.000,00",Bengkel Las Prakarti Lasem,,,,,,,,
,"Kamis, 10 September 2026",Cuci ,,"70.000,00",Cuci Asiyah,,,,,,,,
,,HCL,1 pcs,"25.000,00",Cuci Asiyah,,,,,,,,
,,Jasa Orang,,"50.000,00",Cuci Asiyah,,,,,,,,
,"Kamis, 10 September 2026",Beli Ban Bekas + Ban Dalam Untuk Engkel Kanan,,"600.000,00",Teman Mas Rul,,,,,,,,
,"Kamis, 10 September 2026","Oper Ban Engkel Kanan Luar Ke Ban Bekas, Ban Cadangan Kena Plat Turun, Cadangan Pakai Ban Bekas Eko",2 pcs,"85.000,00",Artomoro Jenu,,,,,,,,
,,Filter Solar Atas HOP,1 pcs ,"45.000,00",Lancar Motor Rembang,"Stok Filter Solar Atas 1 pcs, Bawah 2 pcs",,,,,,,
,,Filter Solar Bawah HOP,1 pcs ,"165.000,00",Lancar Motor Rembang,,,,,,,,
,"Rabu, 16 September 2026",GPS Easygo (SI) 2/12 2026,,"122.100,00",,,,,,,,,
,"Rabu, 30 September 2026",STNK 2/12 2026,,"400.000,00",,,,,,,,,
,,,Total,"340.158.846,84",,,,,,,,,
,,, ,,,,,,,,,,
,,,Truk,"311.957.000,00",,,,,,,,,
,,,STNK + Jasa Lain2,"15.001.000,00",,,,,,,,,
,,,September ,"408.236,84",,,,,,,,,
,,,Oktober ,"8.563.000,00",,,,,,,,,
,,,November,"5.400.000,00",,,,,,,,,
,,,Desember ,"5.345.000,00",,,,,,,,,
,,,Januari,"8.480.600,00","Ban & Part Bekas Terjual 4.700.000,00","4.700.000,00",,,,,,,
,,,Februari ,"7.393.600,00",,,,,,,,,
,,,Maret,"2.103.600,00",,,,,,,,,
,,,April,"20.198.600,00",,,,,,,,,
,,,Mei,"21.208.600,00",,,,,,,,,
,,,Juni,"5.758.600,00",,,,,,,,,
,,,Juli,"4.307.310,00",,,,,,,,,
,,,Agustus,"5.893.600,00",,,,,,,,,
,,,September ,"2.747.100,00",,,,,,,,,
,,,,,,,,,,,,,
,,,Total Koreksi,"362.548.436,84",,,,,,,,,
,,,,,,,,,,,,,
,,,,,,,,,,,,,
,,,,,,,,,,,,,
,,,Dedi Mesin,"13.385.000,00",,,,,,,,,
,,,Pak PO Mesin,,,,,,,,,,